Ionizable_Lipid_Mol_Ratio,Phospholipid_Mol_Ratio,Cholesterol_Mol_Ratio,PEG_Lipid_Mol_Ratio,Ionizable_Lipid_to_mRNA_weight_ratio,Dose/Cells,Num_tails,Num_carbon_in_tail,MolWt,Helper_lipid_ID_DOPE,Helper_lipid_ID_DSPC,Cargo_type_mRNA,Cargo_type_siRNA,Model_type_HeLa,Model_type_HepG2,Model_type_IGROV1,Model_type_MDA_MB
23.80952381,23.80952381,47.61904762,4.761904762,14.02128812,3.584996188451511,3.0,8,7.0127007085036315,1.0,0.0,1.0,0.0,0.0,0.0,1.0,0.0
40.0,14.4356182795699,27.777317987844317,1.2888120000000003,10.0,3.4339872044851463,2.0,10,6.065188874250796,1.0,0.0,1.0,0.0,0.0,1.0,0.0,0.0
35.0,16.0,46.5,2.5,10.0,3.044522437723423,2.0,8,6.168987107115225,1.0,0.0,1.0,0.0,1.0,0.0,0.0,0.0
35.0,16.0,46.5,2.5,10.0,3.044522437723423,2.0,8,6.307779629309987,1.0,0.0,1.0,0.0,1.0,0.0,0.0,0.0
23.80952381,23.80952381,47.61904762,4.761904762,10.04013539,3.2619482826353634,2.0,6,6.536682901901324,1.0,0.0,1.0,0.0,0.0,0.0,1.0,0.0
17.3,12.5,24.2,1.0,10.0,3.4339872044851463,2.0,9,6.555540374265492,1.0,0.0,1.0,0.0,0.0,1.0,0.0,0.0
46.3,9.4,42.7,1.6,19.175103449968475,5.039551997678304,2.0,12,6.3223659382008695,0.0,1.0,1.0,0.0,0.0,0.0,0.0,1.0
35.0,16.0,46.5,2.5,10.0,3.044522437723423,3.0,5,6.498217388343333,1.0,0.0,1.0,0.0,1.0,0.0,0.0,0.0
35.0,16.0,46.5,2.5,10.0,3.044522437723423,2.0,9,6.357632539144237,1.0,0.0,1.0,0.0,1.0,0.0,0.0,0.0
18.534586069699447,20.787634408602145,40.0,1.8559199999999991,10.0,3.4339872044851463,6.0,12,7.1975131953782565,1.0,0.0,1.0,0.0,0.0,1.0,0.0,0.0
35.0,16.0,46.5,2.5,10.0,3.044522437723423,2.0,6,6.199934972709498,1.0,0.0,1.0,0.0,1.0,0.0,0.0,0.0
15.0,15.0,30.0,3.0,20.0,3.9318256327243257,9.0,12,7.915093664444279,1.0,0.0,1.0,0.0,0.0,0.0,1.0,0.0
23.80952381,23.80952381,47.61904762,4.761904762,10.77588088,3.3300486952179686,2.0,6,6.632134838371347,1.0,0.0,1.0,0.0,0.0,0.0,1.0,0.0
23.80952381,23.80952381,47.61904762,4.761904762,15.83275417,3.703321795245405,4.0,6,7.206325361340523,1.0,0.0,1.0,0.0,0.0,0.0,1.0,0.0
35.0,16.0,46.5,2.5,10.0,3.044522437723423,2.0,7,6.2280059451041465,1.0,0.0,1.0,0.0,1.0,0.0,0.0,0.0
35.0,16.0,46.5,2.5,10.0,3.044522437723423,2.0,5,6.108465054446707,1.0,0.0,1.0,0.0,1.0,0.0,0.0,0.0
35.0,16.0,46.5,2.5,10.0,3.044522437723423,2.0,6,6.305904780362723,1.0,0.0,1.0,0.0,1.0,0.0,0.0,0.0
40.0,12.956821236559149,24.931785852838495,1.1567850000000004,10.0,3.4339872044851463,2.0,10,5.95737763342624,1.0,0.0,1.0,0.0,0.0,1.0,0.0,0.0
30.24073460778432,20.787634408602152,40.0,1.85592,10.0,3.4339872044851463,3.0,13,6.7084344498181725,1.0,0.0,1.0,0.0,0.0,1.0,0.0,0.0
15.0,15.0,30.0,3.0,20.0,3.9318256327243257,9.0,10,7.525638896873839,1.0,0.0,1.0,0.0,0.0,0.0,1.0,0.0
23.80952381,23.80952381,47.61904762,4.761904762,17.61814833,3.8076702223927503,4.0,8,7.389797403881235,1.0,0.0,1.0,0.0,0.0,0.0,1.0,0.0
35.0,16.0,46.5,2.5,10.0,3.044522437723423,2.0,7,6.3040995641144875,1.0,0.0,1.0,0.0,1.0,0.0,0.0,0.0
40.0,19.856854838709683,38.20897452476401,1.7728200000000005,10.0,3.4339872044851463,2.0,13,6.38340527839626,1.0,0.0,1.0,0.0,0.0,1.0,0.0,0.0
46.3,9.4,42.7,1.6,32.44261263975222,5.562759858918606,8.0,18,7.860438111870954,0.0,1.0,1.0,0.0,0.0,0.0,0.0,1.0
46.3,9.4,42.7,1.6,23.6856984897457,5.249576537730915,4.0,10,6.777074676135143,0.0,1.0,1.0,0.0,0.0,0.0,0.0,1.0
15.0,15.0,30.0,3.0,20.0,3.9318256327243257,9.0,6,7.591278800325925,1.0,0.0,1.0,0.0,0.0,0.0,1.0,0.0
35.0,16.0,46.5,2.5,10.0,3.044522437723423,2.0,5,6.226054339546441,1.0,0.0,1.0,0.0,1.0,0.0,0.0,0.0
56.49717514,0.0,43.50282486,0.0,34.03706767,5.832968915341651,2.0,8,6.809465263875181,0.0,0.0,0.0,1.0,1.0,0.0,0.0,0.0
29.84180428495971,20.78763440860215,40.0,1.85592,10.0,3.4339872044851463,4.0,10,6.721697952883305,1.0,0.0,1.0,0.0,0.0,1.0,0.0,0.0
56.49717514,0.0,43.50282486,0.0,23.39558897,5.459397793121415,3.0,10,6.83999450529372,0.0,0.0,0.0,1.0,1.0,0.0,0.0,0.0
17.3,12.5,24.2,1.0,10.0,3.4339872044851463,3.0,9,6.95242075784445,1.0,0.0,1.0,0.0,0.0,1.0,0.0,0.0
23.80952381,23.80952381,47.61904762,4.761904762,10.04013539,3.2619482826353634,2.0,6,6.536682901901324,1.0,0.0,1.0,0.0,0.0,0.0,1.0,0.0
23.80952381,23.80952381,47.61904762,4.761904762,10.04013539,3.2619482826353634,2.0,6,6.536682901901324,1.0,0.0,1.0,0.0,0.0,0.0,1.0,0.0
46.3,9.4,42.7,1.6,29.598137699434027,5.471367331307786,6.0,14,7.449413650457998,0.0,1.0,1.0,0.0,0.0,0.0,0.0,1.0
35.0,16.0,46.5,2.5,10.0,3.044522437723423,2.0,7,6.283734827616468,1.0,0.0,1.0,0.0,1.0,0.0,0.0,0.0
35.0,16.0,46.5,2.5,10.0,3.044522437723423,2.0,5,6.255310405780225,1.0,0.0,1.0,0.0,1.0,0.0,0.0,0.0
35.0,16.0,46.5,2.5,10.0,3.044522437723423,3.0,7,6.495236854618785,1.0,0.0,1.0,0.0,1.0,0.0,0.0,0.0
56.49717514,0.0,43.50282486,0.0,22.14240602,5.40458574087744,5.0,14,7.29537544228267,0.0,0.0,0.0,1.0,1.0,0.0,0.0,0.0
46.3,9.4,42.7,1.6,29.979226119159467,5.484107106209022,8.0,12,7.49950297751122,0.0,1.0,1.0,0.0,0.0,0.0,0.0,1.0
17.3,12.5,24.2,1.0,10.0,3.4339872044851463,2.0,14,6.463148014635016,1.0,0.0,1.0,0.0,0.0,1.0,0.0,0.0
40.0,14.77442876344087,28.42926419242211,1.319061000000001,10.0,3.4339872044851463,2.0,10,6.088334872887778,1.0,0.0,1.0,0.0,0.0,1.0,0.0,0.0
46.3,9.4,42.7,1.6,31.720734543190137,5.54034499143875,10.0,12,7.746753650840125,0.0,1.0,1.0,0.0,0.0,0.0,0.0,1.0
56.49717514,0.0,43.50282486,0.0,31.93105263,5.769290919952722,2.0,10,6.745666845043145,0.0,0.0,0.0,1.0,1.0,0.0,0.0,0.0
15.0,15.0,30.0,3.0,20.0,3.9318256327243257,9.0,14,7.823246091005699,1.0,0.0,1.0,0.0,0.0,0.0,1.0,0.0
17.3,12.5,24.2,1.0,10.0,3.4339872044851463,2.0,12,6.272582623597118,1.0,0.0,1.0,0.0,0.0,1.0,0.0,0.0
46.3,9.4,42.7,1.6,26.34621395346355,5.355499418350563,4.0,14,7.061270900059409,0.0,1.0,1.0,0.0,0.0,0.0,0.0,1.0
35.0,16.0,46.5,2.5,10.0,3.044522437723423,3.0,7,6.576593516798139,1.0,0.0,1.0,0.0,1.0,0.0,0.0,0.0
17.3,12.5,24.2,1.0,10.0,3.4339872044851463,2.0,16,6.504566577892328,1.0,0.0,1.0,0.0,0.0,1.0,0.0,0.0
35.0,16.0,46.5,2.5,10.0,3.044522437723423,2.0,5,6.224019670309422,1.0,0.0,1.0,0.0,1.0,0.0,0.0,0.0
46.3,9.4,42.7,1.6,18.314397234029645,4.993931071314674,2.0,12,6.236103409966799,0.0,1.0,1.0,0.0,0.0,0.0,0.0,1.0
40.0,17.533366935483883,33.73807060649169,1.5653790000000012,10.0,3.4339872044851463,2.0,12,6.25918559221896,1.0,0.0,1.0,0.0,0.0,1.0,0.0,0.0
17.3,12.5,24.2,1.0,10.0,3.4339872044851463,2.0,12,6.416859725371532,1.0,0.0,1.0,0.0,0.0,1.0,0.0,0.0
23.80952381,23.80952381,47.61904762,4.761904762,13.25926179,3.5307085428288203,3.0,6,6.9279891858129465,1.0,0.0,1.0,0.0,0.0,0.0,1.0,0.0
56.49717514,0.0,43.50282486,0.0,26.23378446,5.573437788038622,3.0,14,6.954379289209405,0.0,0.0,0.0,1.0,1.0,0.0,0.0,0.0
46.3,9.4,42.7,1.6,29.14948279408737,5.456157783854259,6.0,14,7.391945919977568,0.0,1.0,1.0,0.0,0.0,0.0,0.0,1.0
35.0,16.0,46.5,2.5,10.0,3.044522437723423,2.0,6,6.141312411659964,1.0,0.0,1.0,0.0,1.0,0.0,0.0,0.0
23.80952381,23.80952381,47.61904762,4.761904762,15.83275417,3.703321795245405,4.0,6,7.206325361340523,1.0,0.0,1.0,0.0,0.0,0.0,1.0,0.0
40.0,15.818044354838722,30.437411095305865,1.4122350000000012,10.0,3.4339872044851463,2.0,10,6.156438585358364,1.0,0.0,1.0,0.0,0.0,1.0,0.0,0.0
17.3,12.5,24.2,1.0,10.0,3.4339872044851463,2.0,12,6.214332060327183,1.0,0.0,1.0,0.0,0.0,1.0,0.0,0.0
23.80952381,23.80952381,47.61904762,4.761904762,10.04013539,3.2619482826353634,2.0,6,6.536682901901324,1.0,0.0,1.0,0.0,0.0,0.0,1.0,0.0
23.80952381,23.80952381,47.61904762,4.761904762,15.83275417,3.703321795245405,4.0,6,7.206325361340523,1.0,0.0,1.0,0.0,0.0,0.0,1.0,0.0
15.0,15.0,30.0,3.0,20.0,3.9318256327243257,9.0,12,7.716690172532202,1.0,0.0,1.0,0.0,0.0,0.0,1.0,0.0
17.3,12.5,24.2,1.0,10.0,3.4339872044851463,2.0,9,6.280169221524105,1.0,0.0,1.0,0.0,0.0,1.0,0.0,0.0
15.0,15.0,30.0,3.0,20.0,3.9318256327243257,9.0,9,7.59741087103518,1.0,0.0,1.0,0.0,0.0,0.0,1.0,0.0
35.0,16.0,46.5,2.5,10.0,3.044522437723423,3.0,7,6.558268722283239,1.0,0.0,1.0,0.0,1.0,0.0,0.0,0.0
35.0,16.0,46.5,2.5,10.0,3.044522437723423,3.0,7,6.473819706178211,1.0,0.0,1.0,0.0,1.0,0.0,0.0,0.0
17.3,12.5,24.2,1.0,10.0,3.4339872044851463,2.0,14,6.786129870858274,1.0,0.0,1.0,0.0,0.0,1.0,0.0,0.0
17.3,12.5,24.2,1.0,10.0,3.4339872044851463,2.0,12,6.26893718014087,1.0,0.0,1.0,0.0,0.0,1.0,0.0,0.0
35.0,16.0,46.5,2.5,10.0,3.044522437723423,2.0,7,6.280039970403045,1.0,0.0,1.0,0.0,1.0,0.0,0.0,0.0
35.0,16.0,46.5,2.5,10.0,3.044522437723423,2.0,6,6.201938172821393,1.0,0.0,1.0,0.0,1.0,0.0,0.0,0.0
35.0,16.0,46.5,2.5,10.0,3.044522437723423,2.0,6,6.224019670309423,1.0,0.0,1.0,0.0,1.0,0.0,0.0,0.0
56.49717514,0.0,43.50282486,0.0,26.35774436,5.578134000881576,5.0,14,7.469534439424563,0.0,0.0,0.0,1.0,1.0,0.0,0.0,0.0
35.0,16.0,46.5,2.5,10.0,3.044522437723423,3.0,6,6.493682732936358,1.0,0.0,1.0,0.0,1.0,0.0,0.0,0.0
6.5,1.0,26.6,24.2,7.154390331890333,3.212775969438643,7.0,13,7.592969577270299,0.0,1.0,0.0,1.0,1.0,0.0,0.0,0.0
23.80952381,23.80952381,47.61904762,4.761904762,13.25926179,3.5307085428288203,3.0,6,6.9279891858129465,1.0,0.0,1.0,0.0,0.0,0.0,1.0,0.0
40.0,15.64801747311829,30.11024182076816,1.3970550000000006,10.0,3.4339872044851463,2.0,10,6.145654511877863,1.0,0.0,1.0,0.0,0.0,1.0,0.0,0.0
23.80952381,23.80952381,47.61904762,4.761904762,10.04013539,3.2619482826353634,2.0,6,6.536682901901324,1.0,0.0,1.0,0.0,0.0,0.0,1.0,0.0
46.3,9.4,42.7,1.6,32.954291878242515,5.578349005265292,10.0,14,7.946162045499277,0.0,1.0,1.0,0.0,0.0,0.0,0.0,1.0
56.49717514,0.0,43.50282486,0.0,27.64,5.625460507880731,3.0,16,7.006546665077651,0.0,0.0,0.0,1.0,1.0,0.0,0.0,0.0
56.49717514,0.0,43.50282486,0.0,41.41969925,6.028753088328335,2.0,18,7.005575034438354,0.0,0.0,0.0,1.0,1.0,0.0,0.0,0.0
40.0,19.45325940860216,37.432367774473065,1.7367870000000007,10.0,3.4339872044851463,2.0,13,6.3629056822541825,1.0,0.0,1.0,0.0,0.0,1.0,0.0,0.0
46.3,9.4,42.7,1.6,33.69242652647712,5.600417789010713,10.0,18,8.07893719048451,0.0,1.0,1.0,0.0,0.0,0.0,0.0,1.0
35.0,16.0,46.5,2.5,10.0,3.044522437723423,3.0,5,6.514683060803934,1.0,0.0,1.0,0.0,1.0,0.0,0.0,0.0
23.80952381,23.80952381,47.61904762,4.761904762,11.21681381,3.3687442469033764,2.0,8,6.687370418977528,1.0,0.0,1.0,0.0,0.0,0.0,1.0,0.0
33.389464594127794,20.787634408602145,40.0,1.8559199999999996,10.0,3.4339872044851463,4.0,10,6.609510955158677,1.0,0.0,1.0,0.0,0.0,1.0,0.0,0.0
35.0,16.0,46.5,2.5,10.0,3.044522437723423,3.0,6,6.514683060803934,1.0,0.0,1.0,0.0,1.0,0.0,0.0,0.0
46.3,9.4,42.7,1.6,32.32617868692398,5.5591783073420356,10.0,12,7.841560925292557,0.0,1.0,1.0,0.0,0.0,0.0,0.0,1.0
23.80952381,23.80952381,47.61904762,4.761904762,13.25926179,3.5307085428288203,3.0,6,6.9279891858129465,1.0,0.0,1.0,0.0,0.0,0.0,1.0,0.0
17.3,12.5,24.2,1.0,10.0,3.4339872044851463,2.0,12,6.463148014635015,1.0,0.0,1.0,0.0,0.0,1.0,0.0,0.0
35.0,16.0,46.5,2.5,10.0,3.044522437723423,2.0,7,6.278112334871712,1.0,0.0,1.0,0.0,1.0,0.0,0.0,0.0
56.49717514,0.0,43.50282486,0.0,28.46706767,5.654839667287389,5.0,16,7.546477952230528,0.0,0.0,0.0,1.0,1.0,0.0,0.0,0.0
35.0,16.0,46.5,2.5,10.0,3.044522437723423,3.0,6,6.4534911316651575,1.0,0.0,1.0,0.0,1.0,0.0,0.0,0.0
17.3,12.5,24.2,1.0,10.0,3.4339872044851463,4.0,16,7.553923005047985,1.0,0.0,1.0,0.0,0.0,1.0,0.0,0.0
35.0,16.0,46.5,2.5,10.0,3.044522437723423,2.0,6,6.076772599263164,1.0,0.0,1.0,0.0,1.0,0.0,0.0,0.0
28.529692873687267,20.78763440860215,40.0,1.8559199999999996,10.0,3.4339872044851463,4.0,12,6.766609830002923,1.0,0.0,1.0,0.0,0.0,1.0,0.0,0.0
15.0,15.0,30.0,3.0,20.0,3.9318256327243257,7.0,8,7.542054383732877,1.0,0.0,1.0,0.0,0.0,0.0,1.0,0.0
17.3,12.5,24.2,1.0,10.0,3.4339872044851463,2.0,9,6.51335918270088,1.0,0.0,1.0,0.0,0.0,1.0,0.0,0.0
35.0,16.0,46.5,2.5,10.0,3.044522437723423,2.0,7,6.197927751730966,1.0,0.0,1.0,0.0,1.0,0.0,0.0,0.0
56.49717514,0.0,43.50282486,0.0,37.2043609,5.921695327018997,2.0,18,6.898347161104942,0.0,0.0,0.0,1.0,1.0,0.0,0.0,0.0
35.0,16.0,46.5,2.5,10.0,3.044522437723423,2.0,5,6.278112334871712,1.0,0.0,1.0,0.0,1.0,0.0,0.0,0.0
23.80952381,23.80952381,47.61904762,4.761904762,10.74465095,3.327250379244418,2.0,8,6.628169674827216,1.0,0.0,1.0,0.0,0.0,0.0,1.0,0.0
56.49717514,0.0,43.50282486,0.0,24.12446115,5.4899480069734325,3.0,12,6.8706409857678565,0.0,0.0,0.0,1.0,1.0,0.0,0.0,0.0
35.0,16.0,46.5,2.5,10.0,3.044522437723423,2.0,9,6.331259827726127,1.0,0.0,1.0,0.0,1.0,0.0,0.0,0.0
15.0,15.0,30.0,3.0,20.0,3.9318256327243257,5.0,8,7.064416234001989,1.0,0.0,1.0,0.0,0.0,0.0,1.0,0.0
35.0,16.0,46.5,2.5,10.0,3.044522437723423,2.0,7,6.2514317100526755,1.0,0.0,1.0,0.0,1.0,0.0,0.0,0.0
35.0,16.0,46.5,2.5,10.0,3.044522437723423,2.0,8,6.331259827726127,1.0,0.0,1.0,0.0,1.0,0.0,0.0,0.0
6.5,1.0,26.6,24.2,8.899779942279942,3.4231523687774614,10.0,12,7.811171083536974,0.0,1.0,0.0,1.0,1.0,0.0,0.0,0.0
46.3,9.4,42.7,1.6,26.70858891396786,5.369095962135027,4.0,16,7.10179622797979,0.0,1.0,1.0,0.0,0.0,0.0,0.0,1.0
40.0,14.875369623655924,28.623496702444093,1.3280730000000007,10.0,3.4339872044851463,2.0,10,6.095128374203482,1.0,0.0,1.0,0.0,0.0,1.0,0.0,0.0
17.3,12.5,24.2,1.0,10.0,3.4339872044851463,2.0,16,6.5470493644439225,1.0,0.0,1.0,0.0,0.0,1.0,0.0,0.0
35.0,16.0,46.5,2.5,10.0,3.044522437723423,2.0,8,6.226054339546441,1.0,0.0,1.0,0.0,1.0,0.0,0.0,0.0
17.3,12.5,24.2,1.0,10.0,3.4339872044851463,2.0,14,6.685024142613191,1.0,0.0,1.0,0.0,0.0,1.0,0.0,0.0
17.3,12.5,24.2,1.0,10.0,3.4339872044851463,2.0,9,6.554134238558061,1.0,0.0,1.0,0.0,0.0,1.0,0.0,0.0
23.80952381,23.80952381,47.61904762,4.761904762,10.77588088,3.3300486952179686,2.0,6,6.632134838371347,1.0,0.0,1.0,0.0,0.0,0.0,1.0,0.0
23.80952381,23.80952381,47.61904762,4.761904762,20.34987096,3.948830759736345,6.0,6,7.663960823286971,1.0,0.0,1.0,0.0,0.0,0.0,1.0,0.0
46.3,9.4,42.7,1.6,31.077065919409176,5.519925849668811,10.0,10,7.651425882654779,0.0,1.0,1.0,0.0,0.0,0.0,0.0,1.0
23.80952381,23.80952381,47.61904762,4.761904762,17.01712147,3.773744446820072,4.0,6,7.328627748426038,1.0,0.0,1.0,0.0,0.0,0.0,1.0,0.0
35.0,16.0,46.5,2.5,10.0,3.044522437723423,3.0,5,6.431150711400382,1.0,0.0,1.0,0.0,1.0,0.0,0.0,0.0
46.3,9.4,42.7,1.6,24.361804420957924,5.277575919073154,4.0,10,6.847467975267553,0.0,1.0,1.0,0.0,0.0,0.0,0.0,1.0
17.3,12.5,24.2,1.0,10.0,3.4339872044851463,2.0,16,6.4521120439296915,1.0,0.0,1.0,0.0,0.0,1.0,0.0,0.0
23.80952381,23.80952381,47.61904762,4.761904762,16.21769967,3.726759104381723,4.0,6,7.246375207660809,1.0,0.0,1.0,0.0,0.0,0.0,1.0,0.0
35.0,16.0,46.5,2.5,10.0,3.044522437723423,2.0,5,6.168987107115225,1.0,0.0,1.0,0.0,1.0,0.0,0.0,0.0
56.49717514,0.0,43.50282486,0.0,30.87308271,5.735703620611249,2.0,8,6.7120128640158665,0.0,0.0,0.0,1.0,1.0,0.0,0.0,0.0
35.0,16.0,46.5,2.5,10.0,3.044522437723423,3.0,5,6.473819706178211,1.0,0.0,1.0,0.0,1.0,0.0,0.0,0.0
23.80952381,23.80952381,47.61904762,4.761904762,10.68246076,3.321654478787611,2.0,6,6.620251857238035,1.0,0.0,1.0,0.0,0.0,0.0,1.0,0.0
35.0,16.0,46.5,2.5,10.0,3.044522437723423,3.0,7,6.5162049102924655,1.0,0.0,1.0,0.0,1.0,0.0,0.0,0.0
35.0,16.0,46.5,2.5,10.0,3.044522437723423,2.0,9,6.226054339546441,1.0,0.0,1.0,0.0,1.0,0.0,0.0,0.0
23.80952381,23.80952381,47.61904762,4.761904762,17.66716172,3.810386752752247,4.0,8,7.394764735966896,1.0,0.0,1.0,0.0,0.0,0.0,1.0,0.0
56.49717514,0.0,43.50282486,0.0,23.42135338,5.46049375603568,3.0,12,6.841093972996919,0.0,0.0,0.0,1.0,1.0,0.0,0.0,0.0
46.3,9.4,42.7,1.6,25.421226920087857,5.319931173064064,4.0,12,6.960072548927725,0.0,1.0,1.0,0.0,0.0,0.0,0.0,1.0
6.5,1.0,26.6,24.2,5.986810966810971,3.0424267459630703,5.0,14,7.414900538508493,0.0,1.0,0.0,1.0,1.0,0.0,0.0,0.0
35.0,16.0,46.5,2.5,10.0,3.044522437723423,2.0,6,6.2514317100526755,1.0,0.0,1.0,0.0,1.0,0.0,0.0,0.0
35.0,16.0,46.5,2.5,10.0,3.044522437723423,2.0,8,6.3576325391442365,1.0,0.0,1.0,0.0,1.0,0.0,0.0,0.0
23.80952381,23.80952381,47.61904762,4.761904762,13.92164119,3.5780624950798554,3.0,8,7.001750048559102,1.0,0.0,1.0,0.0,0.0,0.0,1.0,0.0
56.49717514,0.0,43.50282486,0.0,37.20105263,5.921606639889053,2.0,14,6.898258325337989,0.0,0.0,0.0,1.0,1.0,0.0,0.0,0.0
56.49717514,0.0,43.50282486,0.0,40.36503759,6.003023424892224,2.0,14,6.979806136726121,0.0,0.0,0.0,1.0,1.0,0.0,0.0,0.0
17.3,12.5,24.2,1.0,10.0,3.4339872044851463,2.0,12,6.35603821384007,1.0,0.0,1.0,0.0,0.0,1.0,0.0,0.0
17.3,12.5,24.2,1.0,10.0,3.4339872044851463,2.0,16,6.46167440508711,1.0,0.0,1.0,0.0,0.0,1.0,0.0,0.0
15.0,15.0,30.0,3.0,20.0,3.9318256327243257,7.0,10,7.641121712450102,1.0,0.0,1.0,0.0,0.0,0.0,1.0,0.0
15.0,15.0,30.0,3.0,20.0,3.9318256327243257,5.0,8,7.326501139525067,1.0,0.0,1.0,0.0,0.0,0.0,1.0,0.0
35.0,16.0,46.5,2.5,10.0,3.044522437723423,3.0,7,6.559669060407369,1.0,0.0,1.0,0.0,1.0,0.0,0.0,0.0
39.91341684113409,20.78763440860215,40.0,1.8559199999999996,10.0,3.4339872044851463,2.0,13,6.431302096006145,1.0,0.0,1.0,0.0,0.0,1.0,0.0,0.0
23.80952381,23.80952381,47.61904762,4.761904762,19.46459718,3.9052298430594576,6.0,6,7.57546054129233,1.0,0.0,1.0,0.0,0.0,0.0,1.0,0.0
35.0,16.0,46.5,2.5,10.0,3.044522437723423,2.0,8,6.280039970403045,1.0,0.0,1.0,0.0,1.0,0.0,0.0,0.0
35.0,16.0,46.5,2.5,10.0,3.044522437723423,2.0,6,6.195834980998816,1.0,0.0,1.0,0.0,1.0,0.0,0.0,0.0
46.3,9.4,42.7,1.6,24.443114323261696,5.280890978147717,6.0,6,6.856003984991935,0.0,1.0,1.0,0.0,0.0,0.0,0.0,1.0
17.3,12.5,24.2,1.0,10.0,3.4339872044851463,2.0,14,6.448996983295646,1.0,0.0,1.0,0.0,0.0,1.0,0.0,0.0
23.80952381,23.80952381,47.61904762,4.761904762,11.30686477,3.3764661340962965,2.0,8,6.698486279377764,1.0,0.0,1.0,0.0,0.0,0.0,1.0,0.0
56.49717514,0.0,43.50282486,0.0,29.72025063,5.697772807057223,3.0,12,7.079047906778357,0.0,0.0,0.0,1.0,1.0,0.0,0.0,0.0
46.3,9.4,42.7,1.6,18.1162491771477,4.983127009570229,2.0,10,6.216168879769052,0.0,1.0,1.0,0.0,0.0,0.0,0.0,1.0
35.0,16.0,46.5,2.5,10.0,3.044522437723423,3.0,5,6.432740715951765,1.0,0.0,1.0,0.0,1.0,0.0,0.0,0.0
23.80952381,23.80952381,47.61904762,4.761904762,17.32804349,3.7914384956174274,4.0,8,7.360334226377025,1.0,0.0,1.0,0.0,0.0,0.0,1.0,0.0
23.80952381,23.80952381,47.61904762,4.761904762,10.77588088,3.3300486952179686,2.0,6,6.632134838371347,1.0,0.0,1.0,0.0,0.0,0.0,1.0,0.0
40.0,20.32819220430108,39.11593172119489,1.814901,10.0,3.4339872044851463,2.0,13,6.4068255291410185,1.0,0.0,1.0,0.0,0.0,1.0,0.0,0.0
23.80952381,23.80952381,47.61904762,4.761904762,19.16332115,3.889947175012421,4.0,12,7.545312579615269,1.0,0.0,1.0,0.0,0.0,0.0,1.0,0.0
6.5,1.0,26.6,24.2,5.2277741702741745,2.913758037980388,5.0,11,7.279414692889112,0.0,1.0,0.0,1.0,1.0,0.0,0.0,0.0
40.0,14.571202956989254,28.038212854002342,1.3009170000000003,10.0,3.4339872044851463,2.0,10,6.0745158014859735,1.0,0.0,1.0,0.0,0.0,1.0,0.0,0.0
6.5,1.0,26.6,24.2,7.027330447330451,3.195584058436354,8.0,10,7.57505938542456,0.0,1.0,0.0,1.0,1.0,0.0,0.0,0.0
35.0,16.0,46.5,2.5,10.0,3.044522437723423,2.0,6,6.255310405780225,1.0,0.0,1.0,0.0,1.0,0.0,0.0,0.0
17.3,12.5,24.2,1.0,10.0,3.4339872044851463,2.0,12,6.784968244179288,1.0,0.0,1.0,0.0,0.0,1.0,0.0,0.0
35.0,16.0,46.5,2.5,10.0,3.044522437723423,3.0,6,6.473819706178211,1.0,0.0,1.0,0.0,1.0,0.0,0.0,0.0
35.0,16.0,46.5,2.5,10.0,3.044522437723423,2.0,7,6.108465054446708,1.0,0.0,1.0,0.0,1.0,0.0,0.0,0.0
46.3,9.4,42.7,1.6,31.207503108761173,5.524097538401792,8.0,14,7.670331502559067,0.0,1.0,1.0,0.0,0.0,0.0,0.0,1.0
23.80952381,23.80952381,47.61904762,4.761904762,16.91306346,3.7677520617180815,4.0,8,7.317983691190038,1.0,0.0,1.0,0.0,0.0,0.0,1.0,0.0
46.3,9.4,42.7,1.6,30.42508533691247,5.4988090206458295,8.0,12,7.55974707612059,0.0,1.0,1.0,0.0,0.0,0.0,0.0,1.0
15.0,15.0,30.0,3.0,20.0,3.9318256327243257,5.0,10,7.177682411194865,1.0,0.0,1.0,0.0,0.0,0.0,1.0,0.0
35.0,16.0,46.5,2.5,10.0,3.044522437723423,2.0,6,6.253334458633961,1.0,0.0,1.0,0.0,1.0,0.0,0.0,0.0
35.0,16.0,46.5,2.5,10.0,3.044522437723423,2.0,5,6.197927751730966,1.0,0.0,1.0,0.0,1.0,0.0,0.0,0.0
56.49717514,0.0,43.50282486,0.0,38.25902256,5.949574861975573,2.0,16,6.9262727671151305,0.0,0.0,0.0,1.0,1.0,0.0,0.0,0.0
23.80952381,23.80952381,47.61904762,4.761904762,16.65781575,3.7528992323292223,4.0,6,7.291799250714649,1.0,0.0,1.0,0.0,0.0,0.0,1.0,0.0
35.0,16.0,46.5,2.5,10.0,3.044522437723423,3.0,5,6.493682732936358,1.0,0.0,1.0,0.0,1.0,0.0,0.0,0.0
17.3,12.5,24.2,1.0,10.0,3.4339872044851463,2.0,12,6.720668787898316,1.0,0.0,1.0,0.0,0.0,1.0,0.0,0.0
35.0,16.0,46.5,2.5,10.0,3.044522437723423,2.0,6,6.226054339546441,1.0,0.0,1.0,0.0,1.0,0.0,0.0,0.0
21.446561266603467,20.787634408602145,40.0,1.8559199999999996,10.0,3.4339872044851463,4.0,13,7.0517049622564905,1.0,0.0,1.0,0.0,0.0,1.0,0.0,0.0
35.0,16.0,46.5,2.5,10.0,3.044522437723423,2.0,7,6.255310405780225,1.0,0.0,1.0,0.0,1.0,0.0,0.0,0.0
35.0,16.0,46.5,2.5,10.0,3.044522437723423,2.0,6,6.199934972709498,1.0,0.0,1.0,0.0,1.0,0.0,0.0,0.0
46.3,9.4,42.7,1.6,24.563392596141927,5.2857747394806625,4.0,12,6.868660957841048,0.0,1.0,1.0,0.0,0.0,0.0,0.0,1.0
17.3,12.5,24.2,1.0,10.0,3.4339872044851463,2.0,9,6.242007288826501,1.0,0.0,1.0,0.0,0.0,1.0,0.0,0.0
23.80952381,23.80952381,47.61904762,4.761904762,10.19245476,3.2764326644371877,2.0,6,6.556808185258605,1.0,0.0,1.0,0.0,0.0,0.0,1.0,0.0
35.0,16.0,46.5,2.5,10.0,3.044522437723423,2.0,9,6.3059777974469275,1.0,0.0,1.0,0.0,1.0,0.0,0.0,0.0
15.0,15.0,30.0,3.0,20.0,3.9318256327243257,5.0,6,6.936662412623137,1.0,0.0,1.0,0.0,0.0,0.0,1.0,0.0
35.0,16.0,46.5,2.5,10.0,3.044522437723423,3.0,5,6.536684351188239,1.0,0.0,1.0,0.0,1.0,0.0,0.0,0.0
17.3,12.5,24.2,1.0,10.0,3.4339872044851463,2.0,16,6.817320594610927,1.0,0.0,1.0,0.0,0.0,1.0,0.0,0.0
35.0,16.0,46.5,2.5,10.0,3.044522437723423,2.0,7,6.199934972709498,1.0,0.0,1.0,0.0,1.0,0.0,0.0,0.0
40.0,19.14909274193549,36.84708392603131,1.7096310000000003,10.0,3.4339872044851463,2.0,13,6.34717377489294,1.0,0.0,1.0,0.0,0.0,1.0,0.0,0.0
17.3,12.5,24.2,1.0,10.0,3.4339872044851463,3.0,14,7.135753427647319,1.0,0.0,1.0,0.0,0.0,1.0,0.0,0.0
6.5,1.0,26.6,24.2,7.363914141414143,3.2404956420891207,8.0,12,7.6218206408470355,0.0,1.0,0.0,1.0,1.0,0.0,0.0,0.0
6.5,1.0,26.6,24.2,3.4472907647907625,2.525005920483834,4.0,12,6.863373832120914,0.0,1.0,0.0,1.0,1.0,0.0,0.0,0.0
17.3,12.5,24.2,1.0,10.0,3.4339872044851463,2.0,9,6.33138262570492,1.0,0.0,1.0,0.0,0.0,1.0,0.0,0.0
17.3,12.5,24.2,1.0,10.0,3.4339872044851463,2.0,12,6.359456214692596,1.0,0.0,1.0,0.0,0.0,1.0,0.0,0.0
35.0,16.0,46.5,2.5,10.0,3.044522437723423,2.0,7,6.307779629309987,1.0,0.0,1.0,0.0,1.0,0.0,0.0,0.0
17.3,12.5,24.2,1.0,10.0,3.4339872044851463,2.0,16,6.46167440508711,1.0,0.0,1.0,0.0,0.0,1.0,0.0,0.0
35.0,16.0,46.5,2.5,10.0,3.044522437723423,2.0,7,6.331259827726127,1.0,0.0,1.0,0.0,1.0,0.0,0.0,0.0
46.3,9.4,42.7,1.6,27.83395599735849,5.4101791191980535,6.0,10,7.231436776034572,0.0,1.0,1.0,0.0,0.0,0.0,0.0,1.0
15.0,15.0,30.0,3.0,20.0,3.9318256327243257,7.0,7,7.542054383732876,1.0,0.0,1.0,0.0,0.0,0.0,1.0,0.0
15.0,15.0,30.0,3.0,20.0,3.9318256327243257,5.0,9,7.177682411194865,1.0,0.0,1.0,0.0,0.0,0.0,1.0,0.0
6.5,1.0,26.6,24.2,9.405804473304473,3.476696910175539,10.0,13,7.866449729790685,0.0,1.0,0.0,1.0,1.0,0.0,0.0,0.0
23.80952381,23.80952381,47.61904762,4.761904762,12.48975624,3.4727236378628867,2.0,12,6.839921735215032,1.0,0.0,1.0,0.0,0.0,0.0,1.0,0.0
15.0,15.0,30.0,3.0,20.0,3.9318256327243257,7.0,6,7.0889804015784055,1.0,0.0,1.0,0.0,0.0,0.0,1.0,0.0
46.3,9.4,42.7,1.6,25.83362229912433,5.335945361965866,4.0,14,7.004818466824179,0.0,1.0,1.0,0.0,0.0,0.0,0.0,1.0
17.3,12.5,24.2,1.0,10.0,3.4339872044851463,2.0,14,6.320714335960329,1.0,0.0,1.0,0.0,0.0,1.0,0.0,0.0
17.3,12.5,24.2,1.0,10.0,3.4339872044851463,2.0,16,6.492424666422943,1.0,0.0,1.0,0.0,0.0,1.0,0.0,0.0
40.0,17.2652553763441,33.222164748480566,1.5414420000000009,10.0,3.4339872044851463,2.0,10,6.243805670379389,1.0,0.0,1.0,0.0,0.0,1.0,0.0,0.0
35.0,16.0,46.5,2.5,10.0,3.044522437723423,2.0,9,6.403416900796057,1.0,0.0,1.0,0.0,1.0,0.0,0.0,0.0
17.3,12.5,24.2,1.0,10.0,3.4339872044851463,2.0,14,6.416859725371532,1.0,0.0,1.0,0.0,0.0,1.0,0.0,0.0
46.3,9.4,42.7,1.6,26.938056503159235,5.377611110858247,8.0,6,7.127745062394265,0.0,1.0,1.0,0.0,0.0,0.0,0.0,1.0
17.3,12.5,24.2,1.0,10.0,3.4339872044851463,2.0,16,6.403597376474138,1.0,0.0,1.0,0.0,0.0,1.0,0.0,0.0
23.80952381,23.80952381,47.61904762,4.761904762,10.77588088,3.3300486952179686,2.0,6,6.632134838371347,1.0,0.0,1.0,0.0,0.0,0.0,1.0,0.0
46.3,9.4,42.7,1.6,21.365785846568414,5.147065819677221,2.0,18,6.5413401963840245,0.0,1.0,1.0,0.0,0.0,0.0,0.0,1.0
17.3,12.5,24.2,1.0,10.0,3.4339872044851463,2.0,12,6.668597938650421,1.0,0.0,1.0,0.0,0.0,1.0,0.0,0.0
35.0,16.0,46.5,2.5,10.0,3.044522437723423,2.0,7,6.226054339546441,1.0,0.0,1.0,0.0,1.0,0.0,0.0,0.0
56.49717514,0.0,43.50282486,0.0,32.98571429,5.801686689767106,2.0,14,6.778124839166374,0.0,0.0,0.0,1.0,1.0,0.0,0.0,0.0
46.3,9.4,42.7,1.6,29.93623339533402,5.482677956278481,6.0,12,7.493789854315812,0.0,1.0,1.0,0.0,0.0,0.0,0.0,1.0
56.49717514,0.0,43.50282486,0.0,38.25571429,5.949488613357956,2.0,12,6.926186377927862,0.0,0.0,0.0,1.0,1.0,0.0,0.0,0.0
23.80952381,23.80952381,47.61904762,4.761904762,22.64272036,4.053640631912548,6.0,12,7.8946997955962015,1.0,0.0,1.0,0.0,0.0,0.0,1.0,0.0
17.3,12.5,24.2,1.0,10.0,3.4339872044851463,4.0,9,7.323472982487962,1.0,0.0,1.0,0.0,0.0,1.0,0.0,0.0
15.0,15.0,30.0,3.0,20.0,3.9318256327243257,9.0,8,7.4619524124907,1.0,0.0,1.0,0.0,0.0,0.0,1.0,0.0
35.0,16.0,46.5,2.5,10.0,3.044522437723423,2.0,9,6.354131751539155,1.0,0.0,1.0,0.0,1.0,0.0,0.0,0.0
40.0,16.45655241935485,31.666041639725876,1.469241000000001,10.0,3.4339872044851463,2.0,12,6.19592872004568,1.0,0.0,1.0,0.0,0.0,1.0,0.0,0.0
46.3,9.4,42.7,1.6,20.13622057686398,5.08815028433543,2.0,14,6.418360041960125,0.0,1.0,1.0,0.0,0.0,0.0,0.0,1.0
35.0,16.0,46.5,2.5,10.0,3.044522437723423,2.0,8,6.255310405780225,1.0,0.0,1.0,0.0,1.0,0.0,0.0,0.0
56.49717514,0.0,43.50282486,0.0,26.65774436,5.589409033221526,2.0,8,6.5654001721627475,0.0,0.0,0.0,1.0,1.0,0.0,0.0,0.0
17.3,12.5,24.2,1.0,10.0,3.4339872044851463,2.0,9,6.295160829857649,1.0,0.0,1.0,0.0,0.0,1.0,0.0,0.0
35.0,16.0,46.5,2.5,10.0,3.044522437723423,3.0,7,6.451933805852046,1.0,0.0,1.0,0.0,1.0,0.0,0.0,0.0
23.80952381,23.80952381,47.61904762,4.761904762,15.83275417,3.703321795245405,4.0,6,7.206325361340523,1.0,0.0,1.0,0.0,0.0,0.0,1.0,0.0
17.3,12.5,24.2,1.0,10.0,3.4339872044851463,2.0,9,6.703562276361945,1.0,0.0,1.0,0.0,0.0,1.0,0.0,0.0
56.49717514,0.0,43.50282486,0.0,24.25172932,5.495187959302742,5.0,16,7.386309745394945,0.0,0.0,0.0,1.0,1.0,0.0,0.0,0.0
23.80952381,23.80952381,47.61904762,4.761904762,16.21769967,3.726759104381723,4.0,6,7.246375207660809,1.0,0.0,1.0,0.0,0.0,0.0,1.0,0.0
15.0,15.0,30.0,3.0,20.0,3.9318256327243257,9.0,8,7.771219752606131,1.0,0.0,1.0,0.0,0.0,0.0,1.0,0.0
46.3,9.4,42.7,1.6,28.743347027782026,5.442187278010002,10.0,6,7.341200597733181,0.0,1.0,1.0,0.0,0.0,0.0,0.0,1.0
40.0,18.914180107526896,36.39506013190226,1.6886580000000009,10.0,3.4339872044851463,2.0,13,6.334852103407936,1.0,0.0,1.0,0.0,0.0,1.0,0.0,0.0
17.3,12.5,24.2,1.0,10.0,3.4339872044851463,2.0,9,6.613666057853714,1.0,0.0,1.0,0.0,0.0,1.0,0.0,0.0
23.80952381,23.80952381,47.61904762,4.761904762,15.83275417,3.703321795245405,4.0,6,7.206325361340523,1.0,0.0,1.0,0.0,0.0,0.0,1.0,0.0
17.3,12.5,24.2,1.0,10.0,3.4339872044851463,2.0,9,6.2261907596652595,1.0,0.0,1.0,0.0,0.0,1.0,0.0,0.0
56.49717514,0.0,43.50282486,0.0,25.52736842,5.546245952327927,3.0,10,6.927108785830982,0.0,0.0,0.0,1.0,1.0,0.0,0.0,0.0
29.948564028707327,20.78763440860215,40.0,1.85592,10.0,3.4339872044851463,4.0,10,6.71813112299784,1.0,0.0,1.0,0.0,0.0,1.0,0.0,0.0
22.461246326139023,20.787634408602145,40.0,1.8559199999999996,10.0,3.4339872044851463,4.0,13,7.005518810492923,1.0,0.0,1.0,0.0,0.0,1.0,0.0,0.0
15.0,15.0,30.0,3.0,20.0,3.9318256327243257,5.0,7,7.326501139525067,1.0,0.0,1.0,0.0,0.0,0.0,1.0,0.0
35.0,16.0,46.5,2.5,10.0,3.044522437723423,2.0,7,6.403416900796057,1.0,0.0,1.0,0.0,1.0,0.0,0.0,0.0
46.3,9.4,42.7,1.6,27.15962610278927,5.3857649388262745,4.0,12,7.153025030514727,0.0,1.0,1.0,0.0,0.0,0.0,0.0,1.0
56.49717514,0.0,43.50282486,0.0,35.09172932,5.8633961854900845,2.0,12,6.839947419376895,0.0,0.0,0.0,1.0,1.0,0.0,0.0,0.0
6.5,1.0,26.6,24.2,8.870360750360746,3.4199494300997535,10.0,11,7.807861342845316,0.0,1.0,0.0,1.0,1.0,0.0,0.0,0.0
35.0,16.0,46.5,2.5,10.0,3.044522437723423,2.0,6,6.044042765626833,1.0,0.0,1.0,0.0,1.0,0.0,0.0,0.0
15.0,15.0,30.0,3.0,20.0,3.9318256327243257,9.0,10,7.59741087103518,1.0,0.0,1.0,0.0,0.0,0.0,1.0,0.0
23.80952381,23.80952381,47.61904762,4.761904762,10.77588088,3.3300486952179686,2.0,6,6.632134838371347,1.0,0.0,1.0,0.0,0.0,0.0,1.0,0.0
17.3,12.5,24.2,1.0,10.0,3.4339872044851463,2.0,14,6.702398844795236,1.0,0.0,1.0,0.0,0.0,1.0,0.0,0.0
23.80952381,23.80952381,47.61904762,4.761904762,17.2775286,3.788584994244936,4.0,8,7.355192440039771,1.0,0.0,1.0,0.0,0.0,0.0,1.0,0.0
40.0,14.336290322580652,27.586189059873284,1.2799440000000004,10.0,3.4339872044851463,2.0,10,6.058300427294237,1.0,0.0,1.0,0.0,0.0,1.0,0.0,0.0
35.0,16.0,46.5,2.5,10.0,3.044522437723423,3.0,6,6.57653781184498,1.0,0.0,1.0,0.0,1.0,0.0,0.0,0.0
17.3,12.5,24.2,1.0,10.0,3.4339872044851463,2.0,9,6.345631097656851,1.0,0.0,1.0,0.0,0.0,1.0,0.0,0.0
35.0,16.0,46.5,2.5,10.0,3.044522437723423,2.0,8,6.403416900796057,1.0,0.0,1.0,0.0,1.0,0.0,0.0,0.0
6.5,1.0,26.6,24.2,6.800173160173161,3.164091976832588,7.0,12,7.542217704965955,0.0,1.0,0.0,1.0,1.0,0.0,0.0,0.0
17.3,12.5,24.2,1.0,10.0,3.4339872044851463,2.0,16,6.416859725371532,1.0,0.0,1.0,0.0,0.0,1.0,0.0,0.0
56.49717514,0.0,43.50282486,0.0,30.45243108,5.722029352532305,3.0,18,7.103364824769689,0.0,0.0,0.0,1.0,1.0,0.0,0.0,0.0
40.0,20.225907258064524,38.91911289279712,1.8057690000000004,10.0,3.4339872044851463,2.0,13,6.401789493714465,1.0,0.0,1.0,0.0,0.0,1.0,0.0,0.0
46.3,9.4,42.7,1.6,20.770025894616925,5.11895267685231,4.0,6,6.481678196144501,0.0,1.0,1.0,0.0,0.0,0.0,0.0,1.0
23.80952381,23.80952381,47.61904762,4.761904762,10.19245476,3.2764326644371877,2.0,6,6.556808185258605,1.0,0.0,1.0,0.0,0.0,0.0,1.0,0.0
46.3,9.4,42.7,1.6,31.87170944469232,5.545074609338846,8.0,16,7.769895586124704,0.0,1.0,1.0,0.0,0.0,0.0,0.0,1.0
35.0,16.0,46.5,2.5,10.0,3.044522437723423,3.0,7,6.595884333708467,1.0,0.0,1.0,0.0,1.0,0.0,0.0,0.0
6.5,1.0,26.6,24.2,7.042521645021649,3.197655136321204,8.0,11,7.577217676420937,0.0,1.0,0.0,1.0,1.0,0.0,0.0,0.0
46.3,9.4,42.7,1.6,17.46273874353365,4.946643538642773,2.0,10,6.150139974806658,0.0,1.0,1.0,0.0,0.0,0.0,0.0,1.0
35.0,16.0,46.5,2.5,10.0,3.044522437723423,2.0,6,6.197927751730966,1.0,0.0,1.0,0.0,1.0,0.0,0.0,0.0
40.0,12.485483870967748,24.024828656407617,1.1147040000000004,10.0,3.4339872044851463,2.0,10,5.9204195714949,1.0,0.0,1.0,0.0,0.0,1.0,0.0,0.0
17.3,12.5,24.2,1.0,10.0,3.4339872044851463,2.0,9,6.6849741619806755,1.0,0.0,1.0,0.0,0.0,1.0,0.0,0.0
6.5,1.0,26.6,24.2,5.48078643578644,2.9585125393094356,5.0,12,7.326645860752767,0.0,1.0,0.0,1.0,1.0,0.0,0.0,0.0
40.0,18.14018817204303,34.90572869520242,1.6195560000000015,10.0,3.4339872044851463,2.0,12,6.2931456739524245,1.0,0.0,1.0,0.0,0.0,1.0,0.0,0.0
46.3,9.4,42.7,1.6,23.989146676953386,5.262240209003606,4.0,12,6.808544702510611,0.0,1.0,1.0,0.0,0.0,0.0,0.0,1.0
35.0,16.0,46.5,2.5,10.0,3.044522437723423,2.0,8,6.253411416786079,1.0,0.0,1.0,0.0,1.0,0.0,0.0,0.0
40.0,13.49442204301076,25.96624854519593,1.204782000000001,10.0,3.4339872044851463,2.0,10,5.997928609964982,1.0,0.0,1.0,0.0,0.0,1.0,0.0,0.0
46.3,9.4,42.7,1.6,29.489815749100355,5.467716309849663,8.0,10,7.435395541036233,0.0,1.0,1.0,0.0,0.0,0.0,0.0,1.0
17.3,12.5,24.2,1.0,10.0,3.4339872044851463,2.0,14,6.846475442559484,1.0,0.0,1.0,0.0,0.0,1.0,0.0,0.0
46.3,9.4,42.7,1.6,18.03775413846915,4.978814562961159,2.0,12,6.208262004496586,0.0,1.0,1.0,0.0,0.0,0.0,0.0,1.0
23.80952381,23.80952381,47.61904762,4.761904762,14.5995359,3.6243099924977136,3.0,8,7.075568767532859,1.0,0.0,1.0,0.0,0.0,0.0,1.0,0.0
35.0,16.0,46.5,2.5,10.0,3.044522437723423,3.0,7,6.651774695397254,1.0,0.0,1.0,0.0,1.0,0.0,0.0,0.0
56.49717514,0.0,43.50282486,0.0,19.90581454,5.2986080512951315,3.0,8,6.678646470849009,0.0,0.0,0.0,1.0,1.0,0.0,0.0,0.0
56.49717514,0.0,43.50282486,0.0,29.7235589,5.697883741285921,3.0,16,7.079159120490786,0.0,0.0,0.0,1.0,1.0,0.0,0.0,0.0
40.0,16.760719086021517,32.25132548816762,1.4963970000000009,10.0,3.4339872044851463,2.0,12,6.214206017598531,1.0,0.0,1.0,0.0,0.0,1.0,0.0,0.0
23.80952381,23.80952381,47.61904762,4.761904762,21.00407112,3.979871875061105,6.0,8,7.729431988678007,1.0,0.0,1.0,0.0,0.0,0.0,1.0,0.0
46.3,9.4,42.7,1.6,30.0443998223049,5.486269701457869,8.0,10,7.508194890007572,0.0,1.0,1.0,0.0,0.0,0.0,0.0,1.0
35.0,16.0,46.5,2.5,10.0,3.044522437723423,3.0,7,6.595938971351631,1.0,0.0,1.0,0.0,1.0,0.0,0.0,0.0
6.5,1.0,26.6,24.2,5.7337987012987055,3.0013495837669644,5.0,13,7.371746494840021,0.0,1.0,0.0,1.0,1.0,0.0,0.0,0.0
15.0,15.0,30.0,3.0,20.0,3.9318256327243257,9.0,14,7.766404186074453,1.0,0.0,1.0,0.0,0.0,0.0,1.0,0.0
35.0,16.0,46.5,2.5,10.0,3.044522437723423,2.0,8,6.280039970403045,1.0,0.0,1.0,0.0,1.0,0.0,0.0,0.0
56.49717514,0.0,43.50282486,0.0,27.61423559,5.6245312943921775,3.0,14,7.005614933385209,0.0,0.0,0.0,1.0,1.0,0.0,0.0,0.0
35.0,16.0,46.5,2.5,10.0,3.044522437723423,3.0,6,6.496728231928309,1.0,0.0,1.0,0.0,1.0,0.0,0.0,0.0
23.80952381,23.80952381,47.61904762,4.761904762,15.83275417,3.703321795245405,4.0,6,7.206325361340523,1.0,0.0,1.0,0.0,0.0,0.0,1.0,0.0
35.0,16.0,46.5,2.5,10.0,3.044522437723423,3.0,7,6.5162049102924655,1.0,0.0,1.0,0.0,1.0,0.0,0.0,0.0
35.0,16.0,46.5,2.5,10.0,3.044522437723423,2.0,7,6.3593437383882065,1.0,0.0,1.0,0.0,1.0,0.0,0.0,0.0
46.3,9.4,42.7,1.6,31.892318811798333,5.545718510945397,8.0,12,7.773079399943989,0.0,1.0,1.0,0.0,0.0,0.0,0.0,1.0
35.0,16.0,46.5,2.5,10.0,3.044522437723423,2.0,7,6.378239408994667,1.0,0.0,1.0,0.0,1.0,0.0,0.0,0.0
35.0,16.0,46.5,2.5,10.0,3.044522437723423,2.0,8,6.329428527668593,1.0,0.0,1.0,0.0,1.0,0.0,0.0,0.0
17.3,12.5,24.2,1.0,10.0,3.4339872044851463,2.0,14,6.862313253535553,1.0,0.0,1.0,0.0,0.0,1.0,0.0,0.0
15.0,15.0,30.0,3.0,20.0,3.9318256327243257,5.0,6,7.229682244161315,1.0,0.0,1.0,0.0,0.0,0.0,1.0,0.0
46.3,9.4,42.7,1.6,20.552113027071147,5.108468979402199,2.0,12,6.459896629620787,0.0,1.0,1.0,0.0,0.0,0.0,0.0,1.0
56.49717514,0.0,43.50282486,0.0,34.04037594,5.833065822016173,2.0,12,6.809562348040609,0.0,0.0,0.0,1.0,1.0,0.0,0.0,0.0
56.49717514,0.0,43.50282486,0.0,34.66776942,5.8512758845257045,3.0,18,7.232909421216529,0.0,0.0,0.0,1.0,1.0,0.0,0.0,0.0
35.0,16.0,46.5,2.5,10.0,3.044522437723423,2.0,8,6.35584894667675,1.0,0.0,1.0,0.0,1.0,0.0,0.0,0.0
35.0,16.0,46.5,2.5,10.0,3.044522437723423,2.0,8,6.3040995641144875,1.0,0.0,1.0,0.0,1.0,0.0,0.0,0.0
15.0,15.0,30.0,3.0,20.0,3.9318256327243257,9.0,7,7.711249471934282,1.0,0.0,1.0,0.0,0.0,0.0,1.0,0.0
46.3,9.4,42.7,1.6,30.30030459066003,5.49471619170003,6.0,12,7.542698499308947,0.0,1.0,1.0,0.0,0.0,0.0,0.0,1.0
35.0,16.0,46.5,2.5,10.0,3.044522437723423,2.0,5,6.253334458633961,1.0,0.0,1.0,0.0,1.0,0.0,0.0,0.0
46.3,9.4,42.7,1.6,33.486587769041506,5.594312423272215,10.0,12,8.04070876711112,0.0,1.0,1.0,0.0,0.0,0.0,0.0,1.0
35.0,16.0,46.5,2.5,10.0,3.044522437723423,2.0,7,6.379915735856887,1.0,0.0,1.0,0.0,1.0,0.0,0.0,0.0
6.5,1.0,26.6,24.2,6.492835497835501,3.119841257818428,5.0,16,7.495994063884826,0.0,1.0,0.0,1.0,1.0,0.0,0.0,0.0
23.80952381,23.80952381,47.61904762,4.761904762,10.68246076,3.321654478787611,2.0,8,6.620251857238035,1.0,0.0,1.0,0.0,0.0,0.0,1.0,0.0
35.0,16.0,46.5,2.5,10.0,3.044522437723423,3.0,7,6.57516091368931,1.0,0.0,1.0,0.0,1.0,0.0,0.0,0.0
56.49717514,0.0,43.50282486,0.0,15.81443609,5.069811720489607,5.0,8,6.959075573005194,0.0,0.0,0.0,1.0,1.0,0.0,0.0,0.0
40.0,16.659778225806466,32.05709297814564,1.4873850000000013,10.0,3.4339872044851463,2.0,12,6.208177466156385,1.0,0.0,1.0,0.0,0.0,1.0,0.0,0.0
17.3,12.5,24.2,1.0,10.0,3.4339872044851463,2.0,14,6.505978361130984,1.0,0.0,1.0,0.0,0.0,1.0,0.0,0.0
46.3,9.4,42.7,1.6,20.52249784108952,5.1070356838221835,2.0,16,6.456937616348224,0.0,1.0,1.0,0.0,0.0,0.0,0.0,1.0
46.3,9.4,42.7,1.6,29.740354137548486,5.4761406257395056,8.0,12,7.467962891754687,0.0,1.0,1.0,0.0,0.0,0.0,0.0,1.0
56.49717514,0.0,43.50282486,0.0,39.31037594,5.976614223358708,2.0,16,6.953355599099457,0.0,0.0,0.0,1.0,1.0,0.0,0.0,0.0
21.208454035893674,20.787634408602152,40.0,1.85592,10.0,3.4339872044851463,6.0,10,7.062859789482538,1.0,0.0,1.0,0.0,0.0,1.0,0.0,0.0
24.905844201593062,20.78763440860215,40.0,1.8559199999999991,10.0,3.4339872044851463,4.0,12,6.902306461099508,1.0,0.0,1.0,0.0,0.0,1.0,0.0,0.0
35.0,16.0,46.5,2.5,10.0,3.044522437723423,3.0,7,6.616240537896846,1.0,0.0,1.0,0.0,1.0,0.0,0.0,0.0
56.49717514,0.0,43.50282486,0.0,25.50160401,5.5452400991573425,3.0,8,6.926099981276857,0.0,0.0,0.0,1.0,1.0,0.0,0.0,0.0
35.0,16.0,46.5,2.5,10.0,3.044522437723423,2.0,8,6.378239408994667,1.0,0.0,1.0,0.0,1.0,0.0,0.0,0.0
35.0,16.0,46.5,2.5,10.0,3.044522437723423,3.0,7,6.536742320942535,1.0,0.0,1.0,0.0,1.0,0.0,0.0,0.0
17.3,12.5,24.2,1.0,10.0,3.4339872044851463,2.0,14,6.26893718014087,1.0,0.0,1.0,0.0,0.0,1.0,0.0,0.0
35.0,16.0,46.5,2.5,10.0,3.044522437723423,2.0,8,6.448824518624765,1.0,0.0,1.0,0.0,1.0,0.0,0.0,0.0
15.0,15.0,30.0,3.0,20.0,3.9318256327243257,7.0,8,7.240694854526048,1.0,0.0,1.0,0.0,0.0,0.0,1.0,0.0
56.49717514,0.0,43.50282486,0.0,32.98240602,5.801586693878233,2.0,10,6.778024654279635,0.0,0.0,0.0,1.0,1.0,0.0,0.0,0.0
35.0,16.0,46.5,2.5,10.0,3.044522437723423,2.0,7,6.354131751539155,1.0,0.0,1.0,0.0,1.0,0.0,0.0,0.0
35.0,16.0,46.5,2.5,10.0,3.044522437723423,2.0,7,6.168987107115225,1.0,0.0,1.0,0.0,1.0,0.0,0.0,0.0
40.0,16.760719086021517,32.25132548816762,1.4963970000000009,10.0,3.4339872044851463,2.0,12,6.214206017598531,1.0,0.0,1.0,0.0,0.0,1.0,0.0,0.0
46.3,9.4,42.7,1.6,30.04515085701844,5.486294595070935,10.0,8,7.508295273356856,0.0,1.0,1.0,0.0,0.0,0.0,0.0,1.0
35.0,16.0,46.5,2.5,10.0,3.044522437723423,2.0,9,6.25341141678608,1.0,0.0,1.0,0.0,1.0,0.0,0.0,0.0
56.49717514,0.0,43.50282486,0.0,36.04822055,5.890212816320886,3.0,18,7.271928837902061,0.0,0.0,0.0,1.0,1.0,0.0,0.0,0.0
56.49717514,0.0,43.50282486,0.0,24.12115288,5.489811430316438,3.0,8,6.870503985248701,0.0,0.0,0.0,1.0,1.0,0.0,0.0,0.0
26.284784405199694,20.78763440860215,40.0,1.8559199999999996,10.0,3.4339872044851463,4.0,12,6.848474378967058,1.0,0.0,1.0,0.0,0.0,1.0,0.0,0.0
35.0,16.0,46.5,2.5,10.0,3.044522437723423,3.0,6,6.429558174707874,1.0,0.0,1.0,0.0,1.0,0.0,0.0,0.0
17.3,12.5,24.2,1.0,10.0,3.4339872044851463,2.0,16,6.448996983295646,1.0,0.0,1.0,0.0,0.0,1.0,0.0,0.0
40.0,18.072311827957,34.7751196172249,1.6134960000000005,10.0,3.4339872044851463,2.0,13,6.289403834012411,1.0,0.0,1.0,0.0,0.0,1.0,0.0,0.0
35.0,16.0,46.5,2.5,10.0,3.044522437723423,3.0,5,6.35926067084213,1.0,0.0,1.0,0.0,1.0,0.0,0.0,0.0
40.0,17.534711021505387,33.74065692486748,1.5654990000000009,10.0,3.4339872044851463,2.0,13,6.259262101410619,1.0,0.0,1.0,0.0,0.0,1.0,0.0,0.0
40.0,15.750302419354856,30.307060649165948,1.4061870000000012,10.0,3.4339872044851463,2.0,10,6.152155932664171,1.0,0.0,1.0,0.0,0.0,1.0,0.0,0.0
35.0,16.0,46.5,2.5,10.0,3.044522437723423,3.0,5,6.383246465907858,1.0,0.0,1.0,0.0,1.0,0.0,0.0,0.0
6.5,1.0,26.6,24.2,8.393755411255407,3.366577803445886,10.0,11,7.752656985169148,0.0,1.0,0.0,1.0,1.0,0.0,0.0,0.0
40.0,20.32819220430108,39.11593172119489,1.814901,10.0,3.4339872044851463,2.0,13,6.4068255291410185,1.0,0.0,1.0,0.0,0.0,1.0,0.0,0.0
40.0,19.352318548387107,37.238135264451074,1.7277750000000007,10.0,3.4339872044851463,2.0,13,6.357712275390643,1.0,0.0,1.0,0.0,0.0,1.0,0.0,0.0
35.0,16.0,46.5,2.5,10.0,3.044522437723423,2.0,6,6.108465054446708,1.0,0.0,1.0,0.0,1.0,0.0,0.0,0.0
23.80952381,23.80952381,47.61904762,4.761904762,13.25926179,3.5307085428288203,3.0,6,6.9279891858129465,1.0,0.0,1.0,0.0,0.0,0.0,1.0,0.0
15.0,15.0,30.0,3.0,20.0,3.9318256327243257,7.0,10,7.37239517409026,1.0,0.0,1.0,0.0,0.0,0.0,1.0,0.0
23.80952381,23.80952381,47.61904762,4.761904762,10.77588088,3.3300486952179686,2.0,6,6.632134838371347,1.0,0.0,1.0,0.0,0.0,0.0,1.0,0.0
23.80952381,23.80952381,47.61904762,4.761904762,10.82833474,3.3347312028969744,2.0,8,6.638778499949737,1.0,0.0,1.0,0.0,0.0,0.0,1.0,0.0
23.80952381,23.80952381,47.61904762,4.761904762,14.02128812,3.584996188451511,3.0,6,7.0127007085036315,1.0,0.0,1.0,0.0,0.0,0.0,1.0,0.0
15.0,15.0,30.0,3.0,20.0,3.9318256327243257,9.0,6,7.207879130506277,1.0,0.0,1.0,0.0,0.0,0.0,1.0,0.0
35.0,16.0,46.5,2.5,10.0,3.044522437723423,2.0,7,6.197927751730966,1.0,0.0,1.0,0.0,1.0,0.0,0.0,0.0
40.0,19.45325940860216,37.432367774473065,1.7367870000000007,10.0,3.4339872044851463,2.0,13,6.3629056822541825,1.0,0.0,1.0,0.0,0.0,1.0,0.0,0.0
17.3,12.5,24.2,1.0,10.0,3.4339872044851463,2.0,9,6.295160829857649,1.0,0.0,1.0,0.0,0.0,1.0,0.0,0.0
17.3,12.5,24.2,1.0,10.0,3.4339872044851463,2.0,14,6.753934877940168,1.0,0.0,1.0,0.0,0.0,1.0,0.0,0.0
23.80952381,23.80952381,47.61904762,4.761904762,19.46459718,3.9052298430594576,6.0,6,7.57546054129233,1.0,0.0,1.0,0.0,0.0,0.0,1.0,0.0
17.3,12.5,24.2,1.0,10.0,3.4339872044851463,2.0,16,6.769027551622215,1.0,0.0,1.0,0.0,0.0,1.0,0.0,0.0
35.0,16.0,46.5,2.5,10.0,3.044522437723423,2.0,6,6.35584894667675,1.0,0.0,1.0,0.0,1.0,0.0,0.0,0.0
46.3,9.4,42.7,1.6,32.206538546782404,5.555484721112035,8.0,12,7.822390240825351,0.0,1.0,1.0,0.0,0.0,0.0,0.0,1.0
23.80952381,23.80952381,47.61904762,4.761904762,16.21769967,3.726759104381723,4.0,6,7.246375207660809,1.0,0.0,1.0,0.0,0.0,0.0,1.0,0.0
35.0,16.0,46.5,2.5,10.0,3.044522437723423,2.0,6,6.25720579544917,1.0,0.0,1.0,0.0,1.0,0.0,0.0,0.0
23.80952381,23.80952381,47.61904762,4.761904762,11.3873675,3.383319139049451,2.0,6,6.708378301860968,1.0,0.0,1.0,0.0,0.0,0.0,1.0,0.0
40.0,15.851108870967751,30.501034527350345,1.4151870000000009,10.0,3.4339872044851463,2.0,12,6.158522285610627,1.0,0.0,1.0,0.0,0.0,1.0,0.0,0.0
35.0,16.0,46.5,2.5,10.0,3.044522437723423,2.0,5,6.305904780362723,1.0,0.0,1.0,0.0,1.0,0.0,0.0,0.0
6.5,1.0,26.6,24.2,6.445955988455988,3.1129160168492396,7.0,11,7.488751720184259,0.0,1.0,0.0,1.0,1.0,0.0,0.0,0.0
17.3,12.5,24.2,1.0,10.0,3.4339872044851463,2.0,14,6.406856883492221,1.0,0.0,1.0,0.0,0.0,1.0,0.0,0.0
17.3,12.5,24.2,1.0,10.0,3.4339872044851463,2.0,14,6.369942077874225,1.0,0.0,1.0,0.0,0.0,1.0,0.0,0.0
17.3,12.5,24.2,1.0,10.0,3.4339872044851463,2.0,12,6.403597376474138,1.0,0.0,1.0,0.0,0.0,1.0,0.0,0.0
15.0,15.0,30.0,3.0,20.0,3.9318256327243257,9.0,10,7.872397221556887,1.0,0.0,1.0,0.0,0.0,0.0,1.0,0.0
23.80952381,23.80952381,47.61904762,4.761904762,10.59793674,3.3139984179883344,2.0,8,6.609443578340319,1.0,0.0,1.0,0.0,0.0,0.0,1.0,0.0
46.3,9.4,42.7,1.6,31.30246162177743,5.527123626319045,10.0,12,7.684221946551606,0.0,1.0,1.0,0.0,0.0,0.0,0.0,1.0
23.80952381,23.80952381,47.61904762,4.761904762,14.64689559,3.627462428702119,3.0,8,7.080669390867012,1.0,0.0,1.0,0.0,0.0,0.0,1.0,0.0
17.3,12.5,24.2,1.0,10.0,3.4339872044851463,2.0,12,6.369942077874225,1.0,0.0,1.0,0.0,0.0,1.0,0.0,0.0
35.0,16.0,46.5,2.5,10.0,3.044522437723423,3.0,7,6.556866420462086,1.0,0.0,1.0,0.0,1.0,0.0,0.0,0.0
56.49717514,0.0,43.50282486,0.0,36.14639098,5.892924910165973,2.0,10,6.869527832376275,0.0,0.0,0.0,1.0,1.0,0.0,0.0,0.0
35.0,16.0,46.5,2.5,10.0,3.044522437723423,2.0,6,6.305904780362723,1.0,0.0,1.0,0.0,1.0,0.0,0.0,0.0
35.4474768368639,20.78763440860215,40.0,1.8559199999999996,10.0,3.4339872044851463,3.0,12,6.549782350168242,1.0,0.0,1.0,0.0,0.0,1.0,0.0,0.0
40.0,20.394455645161297,39.243437217121446,1.8208170000000004,10.0,3.4339872044851463,2.0,13,6.410074547985514,1.0,0.0,1.0,0.0,0.0,1.0,0.0,0.0
35.0,16.0,46.5,2.5,10.0,3.044522437723423,2.0,7,6.226054339546441,1.0,0.0,1.0,0.0,1.0,0.0,0.0,0.0
56.49717514,0.0,43.50282486,0.0,29.82172932,5.701170042558417,2.0,8,6.677408345494241,0.0,0.0,0.0,1.0,1.0,0.0,0.0,0.0
46.3,9.4,42.7,1.6,31.915138886696393,5.546430998661373,10.0,12,7.776611786984175,0.0,1.0,1.0,0.0,0.0,0.0,0.0,1.0
17.3,12.5,24.2,1.0,10.0,3.4339872044851463,3.0,12,7.066399561721716,1.0,0.0,1.0,0.0,0.0,1.0,0.0,0.0
56.49717514,0.0,43.50282486,0.0,25.53067669,5.5463750352844645,3.0,14,6.927238247349708,0.0,0.0,0.0,1.0,1.0,0.0,0.0,0.0
23.80952381,23.80952381,47.61904762,4.761904762,19.46459718,3.9052298430594576,6.0,6,7.57546054129233,1.0,0.0,1.0,0.0,0.0,0.0,1.0,0.0
23.80952381,23.80952381,47.61904762,4.761904762,16.21769967,3.726759104381723,4.0,6,7.246375207660809,1.0,0.0,1.0,0.0,0.0,0.0,1.0,0.0
35.0,16.0,46.5,2.5,10.0,3.044522437723423,2.0,5,6.25720579544917,1.0,0.0,1.0,0.0,1.0,0.0,0.0,0.0
40.0,14.37083333333334,27.652657442131144,1.2830280000000005,10.0,3.4339872044851463,2.0,12,6.060701388831776,1.0,0.0,1.0,0.0,0.0,1.0,0.0,0.0
17.3,12.5,24.2,1.0,10.0,3.4339872044851463,3.0,9,6.991874895526569,1.0,0.0,1.0,0.0,0.0,1.0,0.0,0.0
23.80952381,23.80952381,47.61904762,4.761904762,15.83275417,3.703321795245405,4.0,6,7.206325361340523,1.0,0.0,1.0,0.0,0.0,0.0,1.0,0.0
6.5,1.0,26.6,24.2,4.974761904761908,2.866906346131355,5.0,10,7.229841676697775,0.0,1.0,0.0,1.0,1.0,0.0,0.0,0.0
23.80952381,23.80952381,47.61904762,4.761904762,19.46459718,3.9052298430594576,6.0,6,7.57546054129233,1.0,0.0,1.0,0.0,0.0,0.0,1.0,0.0
17.3,12.5,24.2,1.0,10.0,3.4339872044851463,2.0,12,6.612339377421289,1.0,0.0,1.0,0.0,0.0,1.0,0.0,0.0
17.3,12.5,24.2,1.0,10.0,3.4339872044851463,3.0,16,7.231522866524411,1.0,0.0,1.0,0.0,0.0,1.0,0.0,0.0
23.80952381,23.80952381,47.61904762,4.761904762,10.19245476,3.2764326644371877,2.0,6,6.556808185258605,1.0,0.0,1.0,0.0,0.0,0.0,1.0,0.0
35.0,16.0,46.5,2.5,10.0,3.044522437723423,2.0,7,6.3576325391442365,1.0,0.0,1.0,0.0,1.0,0.0,0.0,0.0
35.0,16.0,46.5,2.5,10.0,3.044522437723423,3.0,6,6.451933805852046,1.0,0.0,1.0,0.0,1.0,0.0,0.0,0.0
56.49717514,0.0,43.50282486,0.0,23.41804511,5.460353096498712,3.0,8,6.840952863835922,0.0,0.0,0.0,1.0,1.0,0.0,0.0,0.0
23.80952381,23.80952381,47.61904762,4.761904762,16.21769967,3.726759104381723,4.0,6,7.246375207660809,1.0,0.0,1.0,0.0,0.0,0.0,1.0,0.0
6.5,1.0,26.6,24.2,9.23961038961039,3.4594254492886884,9.0,14,7.848629349183766,0.0,1.0,0.0,1.0,1.0,0.0,0.0,0.0
40.0,15.346706989247323,29.530453898874978,1.3701540000000008,10.0,3.4339872044851463,2.0,10,6.126253273956442,1.0,0.0,1.0,0.0,0.0,1.0,0.0,0.0
23.80952381,23.80952381,47.61904762,4.761904762,16.21769967,3.726759104381723,4.0,6,7.246375207660809,1.0,0.0,1.0,0.0,0.0,0.0,1.0,0.0
35.0,16.0,46.5,2.5,10.0,3.044522437723423,3.0,7,6.617562056229951,1.0,0.0,1.0,0.0,1.0,0.0,0.0,0.0
46.3,9.4,42.7,1.6,30.20722802854763,5.491652320245365,8.0,12,7.5300786271544915,0.0,1.0,1.0,0.0,0.0,0.0,0.0,1.0
23.80952381,23.80952381,47.61904762,4.761904762,13.11135437,3.519821128266478,2.0,12,6.911272087754506,1.0,0.0,1.0,0.0,0.0,0.0,1.0,0.0
35.0,16.0,46.5,2.5,10.0,3.044522437723423,2.0,7,6.331188633586798,1.0,0.0,1.0,0.0,1.0,0.0,0.0,0.0
23.80952381,23.80952381,47.61904762,4.761904762,16.21769967,3.726759104381723,4.0,6,7.246375207660809,1.0,0.0,1.0,0.0,0.0,0.0,1.0,0.0
35.0,16.0,46.5,2.5,10.0,3.044522437723423,3.0,5,6.334685389150466,1.0,0.0,1.0,0.0,1.0,0.0,0.0,0.0
15.0,15.0,30.0,3.0,20.0,3.9318256327243257,9.0,10,7.818356657132664,1.0,0.0,1.0,0.0,0.0,0.0,1.0,0.0
46.3,9.4,42.7,1.6,14.826353691613562,4.784243385351332,2.0,6,5.8765221604850835,0.0,1.0,1.0,0.0,0.0,0.0,0.0,1.0
17.3,12.5,24.2,1.0,10.0,3.4339872044851463,2.0,9,6.342087967457439,1.0,0.0,1.0,0.0,0.0,1.0,0.0,0.0
23.80952381,23.80952381,47.61904762,4.761904762,11.89655679,3.4256100192908367,2.0,8,6.770005860122307,1.0,0.0,1.0,0.0,0.0,0.0,1.0,0.0
40.0,16.320967741935494,31.405146773567857,1.4571360000000009,10.0,3.4339872044851463,2.0,12,6.187672572380949,1.0,0.0,1.0,0.0,0.0,1.0,0.0,0.0
23.80952381,23.80952381,47.61904762,4.761904762,10.19245476,3.2764326644371877,2.0,6,6.556808185258605,1.0,0.0,1.0,0.0,0.0,0.0,1.0,0.0
23.111781913005817,20.78763440860215,40.0,1.85592,10.0,3.4339872044851463,4.0,13,6.976993986915499,1.0,0.0,1.0,0.0,0.0,1.0,0.0,0.0
35.0,16.0,46.5,2.5,10.0,3.044522437723423,2.0,5,6.35584894667675,1.0,0.0,1.0,0.0,1.0,0.0,0.0,0.0
23.80952381,23.80952381,47.61904762,4.761904762,10.19245476,3.2764326644371877,2.0,6,6.556808185258605,1.0,0.0,1.0,0.0,0.0,0.0,1.0,0.0
40.0,15.278965053763455,29.400103452735063,1.364106000000001,10.0,3.4339872044851463,2.0,10,6.121839087112522,1.0,0.0,1.0,0.0,0.0,1.0,0.0,0.0
35.0,16.0,46.5,2.5,10.0,3.044522437723423,2.0,8,6.403416900796057,1.0,0.0,1.0,0.0,1.0,0.0,0.0,0.0
46.3,9.4,42.7,1.6,16.217386229394176,4.873203656520099,2.0,8,6.022660358233606,0.0,1.0,1.0,0.0,0.0,0.0,0.0,1.0
23.80952381,23.80952381,47.61904762,4.761904762,19.46459718,3.9052298430594576,6.0,6,7.57546054129233,1.0,0.0,1.0,0.0,0.0,0.0,1.0,0.0
23.80952381,23.80952381,47.61904762,4.761904762,10.77588088,3.3300486952179686,2.0,6,6.632134838371347,1.0,0.0,1.0,0.0,0.0,0.0,1.0,0.0
46.3,9.4,42.7,1.6,22.34744750563535,5.191731545204616,4.0,8,6.64024439335111,0.0,1.0,1.0,0.0,0.0,0.0,0.0,1.0
46.3,9.4,42.7,1.6,17.75396156871659,4.963066231926351,2.0,12,6.179623201519233,0.0,1.0,1.0,0.0,0.0,0.0,0.0,1.0
35.0,16.0,46.5,2.5,10.0,3.044522437723423,2.0,9,6.307779629309987,1.0,0.0,1.0,0.0,1.0,0.0,0.0,0.0
35.0,16.0,46.5,2.5,10.0,3.044522437723423,2.0,7,6.448824518624765,1.0,0.0,1.0,0.0,1.0,0.0,0.0,0.0
35.0,16.0,46.5,2.5,10.0,3.044522437723423,2.0,7,6.168987107115225,1.0,0.0,1.0,0.0,1.0,0.0,0.0,0.0
28.076927440857784,20.78763440860215,40.0,1.85592,10.0,3.4339872044851463,4.0,10,6.782588802689242,1.0,0.0,1.0,0.0,0.0,1.0,0.0,0.0
40.0,17.16431451612905,33.02793223845859,1.5324300000000013,10.0,3.4339872044851463,2.0,12,6.237953462417184,1.0,0.0,1.0,0.0,0.0,1.0,0.0,0.0
56.49717514,0.0,43.50282486,0.0,28.3397995,5.650374647974559,3.0,12,7.031527454990003,0.0,0.0,0.0,1.0,1.0,0.0,0.0,0.0
40.0,17.63565188172045,33.93488943488948,1.5745110000000015,10.0,3.4339872044851463,2.0,12,6.264991278781585,1.0,0.0,1.0,0.0,0.0,1.0,0.0,0.0
56.49717514,0.0,43.50282486,0.0,27.61092732,5.624411916484013,3.0,10,7.00549523176855,0.0,0.0,0.0,1.0,1.0,0.0,0.0,0.0
35.0,16.0,46.5,2.5,10.0,3.044522437723423,3.0,5,6.4503108517515715,1.0,0.0,1.0,0.0,1.0,0.0,0.0,0.0
17.3,12.5,24.2,1.0,10.0,3.4339872044851463,2.0,14,6.737440155634734,1.0,0.0,1.0,0.0,0.0,1.0,0.0,0.0
56.49717514,0.0,43.50282486,0.0,33.93889724,5.830089000169757,3.0,16,7.211676283362982,0.0,0.0,0.0,1.0,1.0,0.0,0.0,0.0
6.5,1.0,26.6,24.2,9.456248196248197,3.481880724725853,8.0,16,7.871796396548153,0.0,1.0,0.0,1.0,1.0,0.0,0.0,0.0
31.001132525531936,20.78763440860215,40.0,1.8559199999999991,10.0,3.4339872044851463,4.0,10,6.683631247153966,1.0,0.0,1.0,0.0,0.0,1.0,0.0,0.0
40.0,15.816565860215071,30.434566145092493,1.4121030000000012,10.0,3.4339872044851463,2.0,10,6.15634531027949,1.0,0.0,1.0,0.0,0.0,1.0,0.0,0.0
38.5,30.0,30.0,1.5,9.295424298552511,2.7423936851739628,4.0,6,7.21229004371179,1.0,0.0,1.0,0.0,1.0,0.0,0.0,0.0
38.5,30.0,30.0,1.5,9.68033202991013,2.780403035605186,4.0,7,7.252834653404491,1.0,0.0,1.0,0.0,1.0,0.0,0.0,0.0
38.5,30.0,30.0,1.5,10.065239761267753,2.8170204215484227,4.0,8,7.291799250714649,1.0,0.0,1.0,0.0,1.0,0.0,0.0,0.0
38.5,30.0,30.0,1.5,10.450147492625367,2.8523442035077897,4.0,9,7.329302375897148,1.0,0.0,1.0,0.0,1.0,0.0,0.0,0.0
38.5,30.0,30.0,1.5,11.219962955340602,2.9194553726973873,4.0,11,7.400335869771856,1.0,0.0,1.0,0.0,1.0,0.0,0.0,0.0
38.5,30.0,30.0,1.5,12.374686149413456,3.012365526255833,4.0,14,7.4982371973121955,1.0,0.0,1.0,0.0,1.0,0.0,0.0,0.0
38.5,30.0,30.0,1.5,9.295424298552511,3.402802790070074,4.0,6,7.21229004371179,1.0,0.0,1.0,0.0,1.0,0.0,0.0,0.0
38.5,30.0,30.0,1.5,9.68033202991013,3.4420525786222163,4.0,7,7.252834653404491,1.0,0.0,1.0,0.0,1.0,0.0,0.0,0.0
38.5,30.0,30.0,1.5,10.065239761267753,3.4798198275169296,4.0,8,7.291799250714649,1.0,0.0,1.0,0.0,1.0,0.0,0.0,0.0
38.5,30.0,30.0,1.5,10.450147492625367,3.516212469028476,4.0,9,7.329302375897148,1.0,0.0,1.0,0.0,1.0,0.0,0.0,0.0
38.5,30.0,30.0,1.5,11.219962955340602,3.5852503341540327,4.0,11,7.400335869771856,1.0,0.0,1.0,0.0,1.0,0.0,0.0,0.0
38.5,30.0,30.0,1.5,12.374686149413456,3.6806177756615743,4.0,14,7.4982371973121955,1.0,0.0,1.0,0.0,1.0,0.0,0.0,0.0
38.5,30.0,30.0,1.5,9.295424298552511,4.079170040425889,4.0,6,7.21229004371179,1.0,0.0,1.0,0.0,1.0,0.0,0.0,0.0
38.5,30.0,30.0,1.5,9.68033202991013,4.11907091712024,4.0,7,7.252834653404491,1.0,0.0,1.0,0.0,1.0,0.0,0.0,0.0
38.5,30.0,30.0,1.5,10.065239761267753,4.157440613937006,4.0,8,7.291799250714649,1.0,0.0,1.0,0.0,1.0,0.0,0.0,0.0
38.5,30.0,30.0,1.5,10.450147492625367,4.19439231756178,4.0,9,7.329302375897148,1.0,0.0,1.0,0.0,1.0,0.0,0.0,0.0
38.5,30.0,30.0,1.5,11.219962955340602,4.264435637198718,4.0,11,7.400335869771856,1.0,0.0,1.0,0.0,1.0,0.0,0.0,0.0
38.5,30.0,30.0,1.5,12.374686149413456,4.361081157104422,4.0,14,7.4982371973121955,1.0,0.0,1.0,0.0,1.0,0.0,0.0,0.0
38.5,30.0,30.0,1.5,9.295424298552511,4.763820473652863,4.0,6,7.21229004371179,1.0,0.0,1.0,0.0,1.0,0.0,0.0,0.0
38.5,30.0,30.0,1.5,9.68033202991013,4.804055063612613,4.0,7,7.252834653404491,1.0,0.0,1.0,0.0,1.0,0.0,0.0,0.0
38.5,30.0,30.0,1.5,10.065239761267753,4.842733250748636,4.0,8,7.291799250714649,1.0,0.0,1.0,0.0,1.0,0.0,0.0,0.0
38.5,30.0,30.0,1.5,10.450147492625367,4.8799709772530395,4.0,9,7.329302375897148,1.0,0.0,1.0,0.0,1.0,0.0,0.0,0.0
38.5,30.0,30.0,1.5,11.219962955340602,4.950528091732735,4.0,11,7.400335869771856,1.0,0.0,1.0,0.0,1.0,0.0,0.0,0.0
38.5,30.0,30.0,1.5,12.374686149413456,5.047825593942437,4.0,14,7.4982371973121955,1.0,0.0,1.0,0.0,1.0,0.0,0.0,0.0
38.5,30.0,30.0,1.5,9.295424298552511,2.7423936851739628,4.0,6,7.21229004371179,1.0,0.0,1.0,0.0,0.0,0.0,1.0,0.0
38.5,30.0,30.0,1.5,9.68033202991013,2.780403035605186,4.0,7,7.252834653404491,1.0,0.0,1.0,0.0,0.0,0.0,1.0,0.0
38.5,30.0,30.0,1.5,10.065239761267753,2.8170204215484227,4.0,8,7.291799250714649,1.0,0.0,1.0,0.0,0.0,0.0,1.0,0.0
38.5,30.0,30.0,1.5,10.450147492625367,2.8523442035077897,4.0,9,7.329302375897148,1.0,0.0,1.0,0.0,0.0,0.0,1.0,0.0
38.5,30.0,30.0,1.5,11.219962955340602,2.9194553726973873,4.0,11,7.400335869771856,1.0,0.0,1.0,0.0,0.0,0.0,1.0,0.0
38.5,30.0,30.0,1.5,12.374686149413456,3.012365526255833,4.0,14,7.4982371973121955,1.0,0.0,1.0,0.0,0.0,0.0,1.0,0.0
38.5,30.0,30.0,1.5,9.295424298552511,3.402802790070074,4.0,6,7.21229004371179,1.0,0.0,1.0,0.0,0.0,0.0,1.0,0.0
38.5,30.0,30.0,1.5,9.68033202991013,3.4420525786222163,4.0,7,7.252834653404491,1.0,0.0,1.0,0.0,0.0,0.0,1.0,0.0
38.5,30.0,30.0,1.5,10.065239761267753,3.4798198275169296,4.0,8,7.291799250714649,1.0,0.0,1.0,0.0,0.0,0.0,1.0,0.0
38.5,30.0,30.0,1.5,10.450147492625367,3.516212469028476,4.0,9,7.329302375897148,1.0,0.0,1.0,0.0,0.0,0.0,1.0,0.0
38.5,30.0,30.0,1.5,11.219962955340602,3.5852503341540327,4.0,11,7.400335869771856,1.0,0.0,1.0,0.0,0.0,0.0,1.0,0.0
38.5,30.0,30.0,1.5,12.374686149413456,3.6806177756615743,4.0,14,7.4982371973121955,1.0,0.0,1.0,0.0,0.0,0.0,1.0,0.0
38.5,30.0,30.0,1.5,9.295424298552511,4.079170040425889,4.0,6,7.21229004371179,1.0,0.0,1.0,0.0,0.0,0.0,1.0,0.0
38.5,30.0,30.0,1.5,9.68033202991013,4.11907091712024,4.0,7,7.252834653404491,1.0,0.0,1.0,0.0,0.0,0.0,1.0,0.0
38.5,30.0,30.0,1.5,10.065239761267753,4.157440613937006,4.0,8,7.291799250714649,1.0,0.0,1.0,0.0,0.0,0.0,1.0,0.0
38.5,30.0,30.0,1.5,10.450147492625367,4.19439231756178,4.0,9,7.329302375897148,1.0,0.0,1.0,0.0,0.0,0.0,1.0,0.0
38.5,30.0,30.0,1.5,11.219962955340602,4.264435637198718,4.0,11,7.400335869771856,1.0,0.0,1.0,0.0,0.0,0.0,1.0,0.0
38.5,30.0,30.0,1.5,12.374686149413456,4.361081157104422,4.0,14,7.4982371973121955,1.0,0.0,1.0,0.0,0.0,0.0,1.0,0.0
38.5,30.0,30.0,1.5,9.295424298552511,4.763820473652863,4.0,6,7.21229004371179,1.0,0.0,1.0,0.0,0.0,0.0,1.0,0.0
38.5,30.0,30.0,1.5,9.68033202991013,4.804055063612613,4.0,7,7.252834653404491,1.0,0.0,1.0,0.0,0.0,0.0,1.0,0.0
38.5,30.0,30.0,1.5,10.065239761267753,4.842733250748636,4.0,8,7.291799250714649,1.0,0.0,1.0,0.0,0.0,0.0,1.0,0.0
38.5,30.0,30.0,1.5,10.450147492625367,4.8799709772530395,4.0,9,7.329302375897148,1.0,0.0,1.0,0.0,0.0,0.0,1.0,0.0
38.5,30.0,30.0,1.5,11.219962955340602,4.950528091732735,4.0,11,7.400335869771856,1.0,0.0,1.0,0.0,0.0,0.0,1.0,0.0
38.5,30.0,30.0,1.5,12.374686149413456,5.047825593942437,4.0,14,7.4982371973121955,1.0,0.0,1.0,0.0,0.0,0.0,1.0,0.0
40.0,10.164751344086024,19.559226690805648,1.1343862500000004,10.0,3.4339872044851463,2.0,6,5.715391495129448,1.0,0.0,1.0,0.0,0.0,1.0,0.0,0.0
40.0,13.935450268817217,26.81488426225271,1.5551962500000014,10.0,3.4339872044851463,2.0,10,6.030009551252111,1.0,0.0,1.0,0.0,0.0,1.0,0.0,0.0
40.0,15.820799731182811,30.44271304797624,1.7656012500000016,10.0,3.4339872044851463,2.0,12,6.156612392974967,1.0,0.0,1.0,0.0,0.0,1.0,0.0,0.0
40.0,17.706149193548406,34.070541833699764,1.976006250000002,10.0,3.4339872044851463,2.0,14,6.268973170067484,1.0,0.0,1.0,0.0,0.0,1.0,0.0,0.0
40.0,16.760517473118295,32.25093754041126,1.8704737500000015,10.0,3.4339872044851463,2.0,6,6.214194012700532,1.0,0.0,1.0,0.0,0.0,1.0,0.0,0.0
40.0,18.645866935483888,35.87876632613478,2.0808787500000014,10.0,3.4339872044851463,2.0,8,6.320590220842498,1.0,0.0,1.0,0.0,0.0,1.0,0.0,0.0
37.0933434465019,20.78763440860215,40.0,2.3198999999999996,10.0,3.4339872044851463,2.0,12,6.504463307900326,1.0,0.0,1.0,0.0,0.0,1.0,0.0,0.0
34.215631373362385,20.787634408602152,40.0,2.3198999999999996,10.0,3.4339872044851463,2.0,14,6.585102117586303,1.0,0.0,1.0,0.0,0.0,1.0,0.0,0.0
40.0,18.64586693548388,35.878766326134766,2.080878750000001,10.0,3.4339872044851463,2.0,8,6.320590220842498,1.0,0.0,1.0,0.0,0.0,1.0,0.0,0.0
34.21563137336238,20.787634408602152,40.0,2.3198999999999996,10.0,3.4339872044851463,2.0,12,6.585102117586303,1.0,0.0,1.0,0.0,0.0,1.0,0.0,0.0
31.75228047574017,20.787634408602152,40.0,2.3199,10.0,3.4339872044851463,2.0,14,6.659720751654833,1.0,0.0,1.0,0.0,0.0,1.0,0.0,0.0
34.21563137336238,20.787634408602152,40.0,2.3198999999999996,10.0,3.4339872044851463,2.0,10,6.585102117586303,1.0,0.0,1.0,0.0,0.0,1.0,0.0,0.0
31.75228047574017,20.787634408602152,40.0,2.3199,10.0,3.4339872044851463,2.0,12,6.659720751654833,1.0,0.0,1.0,0.0,0.0,1.0,0.0,0.0
29.619805587707592,20.78763440860215,40.0,2.3198999999999996,10.0,3.4339872044851463,2.0,14,6.729155985960899,1.0,0.0,1.0,0.0,0.0,1.0,0.0,0.0
34.21563137336238,20.787634408602152,40.0,2.3198999999999996,10.0,3.4339872044851463,2.0,12,6.585102117586303,1.0,0.0,1.0,0.0,0.0,1.0,0.0,0.0
29.619805587707592,20.78763440860215,40.0,2.3198999999999996,10.0,3.4339872044851463,2.0,12,6.729155985960899,1.0,0.0,1.0,0.0,0.0,1.0,0.0,0.0
29.619805587707592,20.78763440860215,40.0,2.3198999999999996,10.0,3.4339872044851463,2.0,14,6.729155985960899,1.0,0.0,1.0,0.0,0.0,1.0,0.0,0.0
26.11240142794284,20.78763440860215,40.0,2.3198999999999996,10.0,3.4339872044851463,2.0,14,6.855047300189785,1.0,0.0,1.0,0.0,0.0,1.0,0.0,0.0
50.0,10.0,38.5,1.5,10.0,3.4339872044851463,2.0,19,6.466315782701154,0.0,1.0,1.0,0.0,0.0,1.0,0.0,0.0
40.0,10.164751344086024,19.559226690805648,1.1343862500000004,10.0,4.61512051684126,2.0,6,5.715391495129448,1.0,0.0,1.0,0.0,0.0,1.0,0.0,0.0
40.0,13.935450268817217,26.81488426225271,1.5551962500000014,10.0,4.61512051684126,2.0,10,6.030009551252111,1.0,0.0,1.0,0.0,0.0,1.0,0.0,0.0
40.0,15.820799731182811,30.44271304797624,1.7656012500000016,10.0,4.61512051684126,2.0,12,6.156612392974967,1.0,0.0,1.0,0.0,0.0,1.0,0.0,0.0
40.0,17.706149193548406,34.070541833699764,1.976006250000002,10.0,4.61512051684126,2.0,14,6.268973170067484,1.0,0.0,1.0,0.0,0.0,1.0,0.0,0.0
40.0,16.760517473118295,32.25093754041126,1.8704737500000015,10.0,4.61512051684126,2.0,6,6.214194012700532,1.0,0.0,1.0,0.0,0.0,1.0,0.0,0.0
40.0,18.645866935483888,35.87876632613478,2.0808787500000014,10.0,4.61512051684126,2.0,8,6.320590220842498,1.0,0.0,1.0,0.0,0.0,1.0,0.0,0.0
37.0933434465019,20.78763440860215,40.0,2.3198999999999996,10.0,4.61512051684126,2.0,12,6.504463307900326,1.0,0.0,1.0,0.0,0.0,1.0,0.0,0.0
34.215631373362385,20.787634408602152,40.0,2.3198999999999996,10.0,4.61512051684126,2.0,14,6.585102117586303,1.0,0.0,1.0,0.0,0.0,1.0,0.0,0.0
40.0,18.64586693548388,35.878766326134766,2.080878750000001,10.0,4.61512051684126,2.0,8,6.320590220842498,1.0,0.0,1.0,0.0,0.0,1.0,0.0,0.0
34.21563137336238,20.787634408602152,40.0,2.3198999999999996,10.0,4.61512051684126,2.0,12,6.585102117586303,1.0,0.0,1.0,0.0,0.0,1.0,0.0,0.0
31.75228047574017,20.787634408602152,40.0,2.3199,10.0,4.61512051684126,2.0,14,6.659720751654833,1.0,0.0,1.0,0.0,0.0,1.0,0.0,0.0
34.21563137336238,20.787634408602152,40.0,2.3198999999999996,10.0,4.61512051684126,2.0,10,6.585102117586303,1.0,0.0,1.0,0.0,0.0,1.0,0.0,0.0
31.75228047574017,20.787634408602152,40.0,2.3199,10.0,4.61512051684126,2.0,12,6.659720751654833,1.0,0.0,1.0,0.0,0.0,1.0,0.0,0.0
29.619805587707592,20.78763440860215,40.0,2.3198999999999996,10.0,4.61512051684126,2.0,14,6.729155985960899,1.0,0.0,1.0,0.0,0.0,1.0,0.0,0.0
34.21563137336238,20.787634408602152,40.0,2.3198999999999996,10.0,4.61512051684126,2.0,12,6.585102117586303,1.0,0.0,1.0,0.0,0.0,1.0,0.0,0.0
29.619805587707592,20.78763440860215,40.0,2.3198999999999996,10.0,4.61512051684126,2.0,12,6.729155985960899,1.0,0.0,1.0,0.0,0.0,1.0,0.0,0.0
29.619805587707592,20.78763440860215,40.0,2.3198999999999996,10.0,4.61512051684126,2.0,14,6.729155985960899,1.0,0.0,1.0,0.0,0.0,1.0,0.0,0.0
26.11240142794284,20.78763440860215,40.0,2.3198999999999996,10.0,4.61512051684126,2.0,14,6.855047300189785,1.0,0.0,1.0,0.0,0.0,1.0,0.0,0.0
50.0,10.0,38.5,1.5,10.0,4.61512051684126,2.0,19,6.466315782701154,0.0,1.0,1.0,0.0,0.0,1.0,0.0,0.0
40.0,10.164751344086024,19.559226690805648,1.1343862500000004,10.0,5.993961427306569,2.0,6,5.715391495129448,1.0,0.0,1.0,0.0,0.0,1.0,0.0,0.0
40.0,13.935450268817217,26.81488426225271,1.5551962500000014,10.0,5.993961427306569,2.0,10,6.030009551252111,1.0,0.0,1.0,0.0,0.0,1.0,0.0,0.0
40.0,15.820799731182811,30.44271304797624,1.7656012500000016,10.0,5.993961427306569,2.0,12,6.156612392974967,1.0,0.0,1.0,0.0,0.0,1.0,0.0,0.0
40.0,17.706149193548406,34.070541833699764,1.976006250000002,10.0,5.993961427306569,2.0,14,6.268973170067484,1.0,0.0,1.0,0.0,0.0,1.0,0.0,0.0
40.0,16.760517473118295,32.25093754041126,1.8704737500000015,10.0,5.993961427306569,2.0,6,6.214194012700532,1.0,0.0,1.0,0.0,0.0,1.0,0.0,0.0
40.0,18.645866935483888,35.87876632613478,2.0808787500000014,10.0,5.993961427306569,2.0,8,6.320590220842498,1.0,0.0,1.0,0.0,0.0,1.0,0.0,0.0
37.0933434465019,20.78763440860215,40.0,2.3198999999999996,10.0,5.993961427306569,2.0,12,6.504463307900326,1.0,0.0,1.0,0.0,0.0,1.0,0.0,0.0
34.215631373362385,20.787634408602152,40.0,2.3198999999999996,10.0,5.993961427306569,2.0,14,6.585102117586303,1.0,0.0,1.0,0.0,0.0,1.0,0.0,0.0
40.0,18.64586693548388,35.878766326134766,2.080878750000001,10.0,5.993961427306569,2.0,8,6.320590220842498,1.0,0.0,1.0,0.0,0.0,1.0,0.0,0.0
34.21563137336238,20.787634408602152,40.0,2.3198999999999996,10.0,5.993961427306569,2.0,12,6.585102117586303,1.0,0.0,1.0,0.0,0.0,1.0,0.0,0.0
31.75228047574017,20.787634408602152,40.0,2.3199,10.0,5.993961427306569,2.0,14,6.659720751654833,1.0,0.0,1.0,0.0,0.0,1.0,0.0,0.0
34.21563137336238,20.787634408602152,40.0,2.3198999999999996,10.0,5.993961427306569,2.0,10,6.585102117586303,1.0,0.0,1.0,0.0,0.0,1.0,0.0,0.0
31.75228047574017,20.787634408602152,40.0,2.3199,10.0,5.993961427306569,2.0,12,6.659720751654833,1.0,0.0,1.0,0.0,0.0,1.0,0.0,0.0
29.619805587707592,20.78763440860215,40.0,2.3198999999999996,10.0,5.993961427306569,2.0,14,6.729155985960899,1.0,0.0,1.0,0.0,0.0,1.0,0.0,0.0
34.21563137336238,20.787634408602152,40.0,2.3198999999999996,10.0,5.993961427306569,2.0,12,6.585102117586303,1.0,0.0,1.0,0.0,0.0,1.0,0.0,0.0
29.619805587707592,20.78763440860215,40.0,2.3198999999999996,10.0,5.993961427306569,2.0,12,6.729155985960899,1.0,0.0,1.0,0.0,0.0,1.0,0.0,0.0
29.619805587707592,20.78763440860215,40.0,2.3198999999999996,10.0,5.993961427306569,2.0,14,6.729155985960899,1.0,0.0,1.0,0.0,0.0,1.0,0.0,0.0
26.11240142794284,20.78763440860215,40.0,2.3198999999999996,10.0,5.993961427306569,2.0,14,6.855047300189785,1.0,0.0,1.0,0.0,0.0,1.0,0.0,0.0
50.0,10.0,38.5,1.5,10.0,5.993961427306569,2.0,19,6.466315782701154,0.0,1.0,1.0,0.0,0.0,1.0,0.0,0.0
