Cationic_Lipid_Mol_Ratio,Phospholipid_Mol_Ratio,Cholesterol_Mol_Ratio,PEG_Lipid_Mol_Ratio,Cationic_Lipid_to_mRNA_weight_ratio,Dosage,Num_tails,Num_carbon_in_tail,MolWt,Exposure_time,Helper_lipid_ID_DOPE,Helper_lipid_ID_DSPC,Cargo_type_mRNA,Cargo_type_siRNA,Model_type_HeLa,Model_type_IGROV1
35.0,16.0,46.5,2.5,10.0,10.0,2.0,6,490.7290000000005,24,1.0,0.0,1.0,0.0,1.0,0.0
23.80952381,23.80952381,47.61904762,4.761904762,10.77588088,25.0,2.0,6,,24,1.0,0.0,1.0,0.0,0.0,1.0
35.0,16.0,46.5,2.5,10.0,10.0,2.0,6,491.7170000000005,24,1.0,0.0,1.0,0.0,1.0,0.0
23.80952381,23.80952381,47.61904762,4.761904762,16.1075851,25.0,3.0,12,,24,1.0,0.0,1.0,0.0,0.0,1.0
23.80952381,23.80952381,47.61904762,4.761904762,10.77588088,25.0,2.0,6,,24,1.0,0.0,1.0,0.0,0.0,1.0
35.0,16.0,46.5,2.5,10.0,10.0,3.0,5,604.8730000000003,24,1.0,0.0,1.0,0.0,1.0,0.0
35.0,16.0,46.5,2.5,10.0,10.0,2.0,9,587.8900000000002,24,1.0,0.0,1.0,0.0,1.0,0.0
23.80952381,23.80952381,47.61904762,4.761904762,14.02128812,25.0,3.0,8,,24,1.0,0.0,1.0,0.0,0.0,1.0
35.0,16.0,46.5,2.5,10.0,10.0,2.0,9,602.9050000000002,24,1.0,0.0,1.0,0.0,1.0,0.0
35.0,16.0,46.5,2.5,10.0,10.0,2.0,5,491.7170000000004,24,1.0,0.0,1.0,0.0,1.0,0.0
35.0,16.0,46.5,2.5,10.0,10.0,3.0,7,716.0609999999999,24,1.0,0.0,1.0,0.0,1.0,0.0
35.0,16.0,46.5,2.5,10.0,10.0,3.0,5,591.8340000000002,24,1.0,0.0,1.0,0.0,1.0,0.0
23.80952381,23.80952381,47.61904762,4.761904762,19.16332115,25.0,4.0,12,,24,1.0,0.0,1.0,0.0,0.0,1.0
23.80952381,23.80952381,47.61904762,4.761904762,13.25926179,25.0,3.0,6,,24,1.0,0.0,1.0,0.0,0.0,1.0
23.80952381,23.80952381,47.61904762,4.761904762,13.92164119,25.0,3.0,8,,24,1.0,0.0,1.0,0.0,0.0,1.0
23.80952381,23.80952381,47.61904762,4.761904762,10.19245476,25.0,2.0,6,,24,1.0,0.0,1.0,0.0,0.0,1.0
35.0,16.0,46.5,2.5,10.0,10.0,3.0,7,646.9540000000001,24,1.0,0.0,1.0,0.0,1.0,0.0
35.0,16.0,46.5,2.5,10.0,10.0,2.0,6,519.7710000000005,24,1.0,0.0,1.0,0.0,1.0,0.0
23.80952381,23.80952381,47.61904762,4.761904762,10.68246076,25.0,2.0,8,,24,1.0,0.0,1.0,0.0,0.0,1.0
35.0,16.0,46.5,2.5,10.0,10.0,2.0,9,560.8640000000004,24,1.0,0.0,1.0,0.0,1.0,0.0
35.0,16.0,46.5,2.5,10.0,10.0,2.0,8,548.8130000000004,24,1.0,0.0,1.0,0.0,1.0,0.0
35.0,16.0,46.5,2.5,10.0,10.0,3.0,6,618.9000000000002,24,1.0,0.0,1.0,0.0,1.0,0.0
35.0,16.0,46.5,2.5,10.0,10.0,3.0,5,674.9680000000002,24,1.0,0.0,1.0,0.0,1.0,0.0
35.0,16.0,46.5,2.5,10.0,10.0,2.0,9,546.8370000000004,24,1.0,0.0,1.0,0.0,1.0,0.0
23.80952381,23.80952381,47.61904762,4.761904762,20.34987096,25.0,6.0,8,,24,1.0,0.0,1.0,0.0,0.0,1.0
35.0,16.0,46.5,2.5,10.0,10.0,2.0,8,602.9050000000002,24,1.0,0.0,1.0,0.0,1.0,0.0
35.0,16.0,46.5,2.5,10.0,10.0,2.0,5,448.6480000000003,24,1.0,0.0,1.0,0.0,1.0,0.0
35.0,16.0,46.5,2.5,10.0,10.0,2.0,7,532.8100000000005,24,1.0,0.0,1.0,0.0,1.0,0.0
35.0,16.0,46.5,2.5,10.0,10.0,2.0,7,490.7290000000005,24,1.0,0.0,1.0,0.0,1.0,0.0
23.80952381,23.80952381,47.61904762,4.761904762,11.85778082,25.0,2.0,8,,24,1.0,0.0,1.0,0.0,0.0,1.0
35.0,16.0,46.5,2.5,10.0,10.0,2.0,7,531.7820000000005,24,1.0,0.0,1.0,0.0,1.0,0.0
35.0,16.0,46.5,2.5,10.0,10.0,2.0,5,517.7550000000006,24,1.0,0.0,1.0,0.0,1.0,0.0
35.0,16.0,46.5,2.5,10.0,10.0,2.0,7,518.7830000000005,24,1.0,0.0,1.0,0.0,1.0,0.0
23.80952381,23.80952381,47.61904762,4.761904762,13.11135437,25.0,2.0,12,,24,1.0,0.0,1.0,0.0,0.0,1.0
23.80952381,23.80952381,47.61904762,4.761904762,10.19245476,25.0,2.0,6,,24,1.0,0.0,1.0,0.0,0.0,1.0
23.80952381,23.80952381,47.61904762,4.761904762,19.46459718,25.0,6.0,6,,24,1.0,0.0,1.0,0.0,0.0,1.0
35.0,16.0,46.5,2.5,10.0,10.0,2.0,7,518.7830000000005,24,1.0,0.0,1.0,0.0,1.0,0.0
35.0,16.0,46.5,2.5,10.0,10.0,2.0,5,448.64800000000025,24,1.0,0.0,1.0,0.0,1.0,0.0
35.0,16.0,46.5,2.5,10.0,10.0,3.0,5,673.9800000000002,24,1.0,0.0,1.0,0.0,1.0,0.0
35.0,16.0,46.5,2.5,10.0,10.0,2.0,5,531.7820000000005,24,1.0,0.0,1.0,0.0,1.0,0.0
35.0,16.0,46.5,2.5,10.0,10.0,2.0,7,504.7560000000004,24,1.0,0.0,1.0,0.0,1.0,0.0
35.0,16.0,46.5,2.5,10.0,10.0,2.0,6,504.7560000000004,24,1.0,0.0,1.0,0.0,1.0,0.0
35.0,16.0,46.5,2.5,10.0,10.0,2.0,8,559.8360000000004,24,1.0,0.0,1.0,0.0,1.0,0.0
35.0,16.0,46.5,2.5,10.0,10.0,2.0,8,576.8670000000003,24,1.0,0.0,1.0,0.0,1.0,0.0
23.80952381,23.80952381,47.61904762,4.761904762,19.46459718,25.0,6.0,6,,24,1.0,0.0,1.0,0.0,0.0,1.0
35.0,16.0,46.5,2.5,10.0,10.0,3.0,5,646.9540000000002,24,1.0,0.0,1.0,0.0,1.0,0.0
35.0,16.0,46.5,2.5,10.0,10.0,3.0,7,746.1309999999999,24,1.0,0.0,1.0,0.0,1.0,0.0
23.80952381,23.80952381,47.61904762,4.761904762,10.77588088,25.0,2.0,6,,24,1.0,0.0,1.0,0.0,0.0,1.0
23.80952381,23.80952381,47.61904762,4.761904762,15.83275417,25.0,4.0,6,,24,1.0,0.0,1.0,0.0,0.0,1.0
35.0,16.0,46.5,2.5,10.0,10.0,3.0,5,662.9570000000002,24,1.0,0.0,1.0,0.0,1.0,0.0
23.80952381,23.80952381,47.61904762,4.761904762,11.89655679,25.0,2.0,8,,24,1.0,0.0,1.0,0.0,0.0,1.0
35.0,16.0,46.5,2.5,10.0,10.0,2.0,8,519.7710000000005,24,1.0,0.0,1.0,0.0,1.0,0.0
35.0,16.0,46.5,2.5,10.0,10.0,3.0,6,717.049,24,1.0,0.0,1.0,0.0,1.0,0.0
23.80952381,23.80952381,47.61904762,4.761904762,13.25926179,25.0,3.0,6,,24,1.0,0.0,1.0,0.0,0.0,1.0
35.0,16.0,46.5,2.5,10.0,10.0,3.0,5,620.8760000000002,24,1.0,0.0,1.0,0.0,1.0,0.0
35.0,16.0,46.5,2.5,10.0,10.0,3.0,7,675.008,24,1.0,0.0,1.0,0.0,1.0,0.0
35.0,16.0,46.5,2.5,10.0,10.0,2.0,9,504.75600000000054,24,1.0,0.0,1.0,0.0,1.0,0.0
35.0,16.0,46.5,2.5,10.0,10.0,3.0,5,576.8190000000002,24,1.0,0.0,1.0,0.0,1.0,0.0
35.0,16.0,46.5,2.5,10.0,10.0,2.0,7,560.8640000000004,24,1.0,0.0,1.0,0.0,1.0,0.0
23.80952381,23.80952381,47.61904762,4.761904762,10.19245476,25.0,2.0,6,,24,1.0,0.0,1.0,0.0,0.0,1.0
35.0,16.0,46.5,2.5,10.0,10.0,2.0,9,576.8670000000003,24,1.0,0.0,1.0,0.0,1.0,0.0
35.0,16.0,46.5,2.5,10.0,10.0,2.0,5,518.7430000000005,24,1.0,0.0,1.0,0.0,1.0,0.0
35.0,16.0,46.5,2.5,10.0,10.0,3.0,5,633.9150000000002,24,1.0,0.0,1.0,0.0,1.0,0.0
35.0,16.0,46.5,2.5,10.0,10.0,3.0,5,659.9530000000002,24,1.0,0.0,1.0,0.0,1.0,0.0
35.0,16.0,46.5,2.5,10.0,10.0,2.0,8,518.7830000000006,24,1.0,0.0,1.0,0.0,1.0,0.0
35.0,16.0,46.5,2.5,10.0,10.0,2.0,7,520.7590000000006,24,1.0,0.0,1.0,0.0,1.0,0.0
35.0,16.0,46.5,2.5,10.0,10.0,3.0,7,747.1189999999998,24,1.0,0.0,1.0,0.0,1.0,0.0
35.0,16.0,46.5,2.5,10.0,10.0,3.0,6,688.9950000000001,24,1.0,0.0,1.0,0.0,1.0,0.0
23.80952381,23.80952381,47.61904762,4.761904762,13.25926179,25.0,3.0,6,,24,1.0,0.0,1.0,0.0,0.0,1.0
35.0,16.0,46.5,2.5,10.0,10.0,2.0,5,503.7280000000004,24,1.0,0.0,1.0,0.0,1.0,0.0
23.80952381,23.80952381,47.61904762,4.761904762,11.21681381,25.0,2.0,8,,24,1.0,0.0,1.0,0.0,0.0,1.0
35.0,16.0,46.5,2.5,10.0,10.0,2.0,7,545.8090000000004,24,1.0,0.0,1.0,0.0,1.0,0.0
35.0,16.0,46.5,2.5,10.0,10.0,2.0,6,463.6630000000004,24,1.0,0.0,1.0,0.0,1.0,0.0
23.80952381,23.80952381,47.61904762,4.761904762,12.61823901,25.0,2.0,12,,24,1.0,0.0,1.0,0.0,0.0,1.0
35.0,16.0,46.5,2.5,10.0,10.0,3.0,5,590.8460000000002,24,1.0,0.0,1.0,0.0,1.0,0.0
23.80952381,23.80952381,47.61904762,4.761904762,16.65781575,25.0,4.0,6,,24,1.0,0.0,1.0,0.0,0.0,1.0
23.80952381,23.80952381,47.61904762,4.761904762,11.17613803,25.0,2.0,8,,24,1.0,0.0,1.0,0.0,0.0,1.0
35.0,16.0,46.5,2.5,10.0,10.0,2.0,8,546.8370000000004,24,1.0,0.0,1.0,0.0,1.0,0.0
35.0,16.0,46.5,2.5,10.0,10.0,2.0,7,560.8240000000003,24,1.0,0.0,1.0,0.0,1.0,0.0
35.0,16.0,46.5,2.5,10.0,10.0,2.0,5,434.62100000000027,24,1.0,0.0,1.0,0.0,1.0,0.0
35.0,16.0,46.5,2.5,10.0,10.0,2.0,6,420.5940000000003,24,1.0,0.0,1.0,0.0,1.0,0.0
23.80952381,23.80952381,47.61904762,4.761904762,16.21769967,25.0,4.0,6,,24,1.0,0.0,1.0,0.0,0.0,1.0
35.0,16.0,46.5,2.5,10.0,10.0,3.0,6,633.9150000000002,24,1.0,0.0,1.0,0.0,1.0,0.0
23.80952381,23.80952381,47.61904762,4.761904762,17.66716172,25.0,4.0,8,,24,1.0,0.0,1.0,0.0,0.0,1.0
23.80952381,23.80952381,47.61904762,4.761904762,12.48975624,25.0,2.0,12,,24,1.0,0.0,1.0,0.0,0.0,1.0
35.0,16.0,46.5,2.5,10.0,10.0,3.0,5,661.9690000000002,24,1.0,0.0,1.0,0.0,1.0,0.0
35.0,16.0,46.5,2.5,10.0,10.0,2.0,5,491.7170000000005,24,1.0,0.0,1.0,0.0,1.0,0.0
35.0,16.0,46.5,2.5,10.0,10.0,2.0,7,517.7550000000006,24,1.0,0.0,1.0,0.0,1.0,0.0
35.0,16.0,46.5,2.5,10.0,10.0,2.0,7,546.7970000000005,24,1.0,0.0,1.0,0.0,1.0,0.0
23.80952381,23.80952381,47.61904762,4.761904762,14.5995359,25.0,3.0,8,,24,1.0,0.0,1.0,0.0,0.0,1.0
35.0,16.0,46.5,2.5,10.0,10.0,3.0,5,590.8460000000002,24,1.0,0.0,1.0,0.0,1.0,0.0
35.0,16.0,46.5,2.5,10.0,10.0,2.0,6,520.7590000000006,24,1.0,0.0,1.0,0.0,1.0,0.0
23.80952381,23.80952381,47.61904762,4.761904762,17.2775286,25.0,4.0,8,,24,1.0,0.0,1.0,0.0,0.0,1.0
35.0,16.0,46.5,2.5,10.0,10.0,2.0,6,531.7820000000005,24,1.0,0.0,1.0,0.0,1.0,0.0
35.0,16.0,46.5,2.5,10.0,10.0,2.0,7,462.6750000000004,24,1.0,0.0,1.0,0.0,1.0,0.0
35.0,16.0,46.5,2.5,10.0,10.0,2.0,6,503.7280000000005,24,1.0,0.0,1.0,0.0,1.0,0.0
35.0,16.0,46.5,2.5,10.0,10.0,2.0,8,573.8630000000003,24,1.0,0.0,1.0,0.0,1.0,0.0
23.80952381,23.80952381,47.61904762,4.761904762,15.83275417,25.0,4.0,6,,24,1.0,0.0,1.0,0.0,0.0,1.0
35.0,16.0,46.5,2.5,10.0,10.0,3.0,5,562.7920000000003,24,1.0,0.0,1.0,0.0,1.0,0.0
23.80952381,23.80952381,47.61904762,4.761904762,11.30686477,25.0,2.0,8,,24,1.0,0.0,1.0,0.0,0.0,1.0
35.0,16.0,46.5,2.5,10.0,10.0,2.0,5,462.6750000000003,24,1.0,0.0,1.0,0.0,1.0,0.0
35.0,16.0,46.5,2.5,10.0,10.0,3.0,7,773.1569999999997,24,1.0,0.0,1.0,0.0,1.0,0.0
23.80952381,23.80952381,47.61904762,4.761904762,19.46459718,25.0,6.0,6,,24,1.0,0.0,1.0,0.0,0.0,1.0
35.0,16.0,46.5,2.5,10.0,10.0,2.0,7,462.6750000000003,24,1.0,0.0,1.0,0.0,1.0,0.0
35.0,16.0,46.5,2.5,10.0,10.0,3.0,5,646.9140000000002,24,1.0,0.0,1.0,0.0,1.0,0.0
35.0,16.0,46.5,2.5,10.0,10.0,2.0,6,448.6480000000003,24,1.0,0.0,1.0,0.0,1.0,0.0
23.80952381,23.80952381,47.61904762,4.761904762,15.83275417,25.0,4.0,6,,24,1.0,0.0,1.0,0.0,0.0,1.0
35.0,16.0,46.5,2.5,10.0,10.0,2.0,7,490.7290000000004,24,1.0,0.0,1.0,0.0,1.0,0.0
35.0,16.0,46.5,2.5,10.0,10.0,2.0,7,602.9050000000002,24,1.0,0.0,1.0,0.0,1.0,0.0
23.80952381,23.80952381,47.61904762,4.761904762,17.01712147,25.0,4.0,6,,24,1.0,0.0,1.0,0.0,0.0,1.0
35.0,16.0,46.5,2.5,10.0,10.0,2.0,7,574.8510000000003,24,1.0,0.0,1.0,0.0,1.0,0.0
35.0,16.0,46.5,2.5,10.0,10.0,2.0,5,490.7290000000005,24,1.0,0.0,1.0,0.0,1.0,0.0
23.80952381,23.80952381,47.61904762,4.761904762,15.83275417,25.0,4.0,6,,24,1.0,0.0,1.0,0.0,0.0,1.0
23.80952381,23.80952381,47.61904762,4.761904762,11.3873675,25.0,2.0,6,,24,1.0,0.0,1.0,0.0,0.0,1.0
35.0,16.0,46.5,2.5,10.0,10.0,3.0,6,590.8460000000002,24,1.0,0.0,1.0,0.0,1.0,0.0
35.0,16.0,46.5,2.5,10.0,10.0,3.0,7,731.0759999999999,24,1.0,0.0,1.0,0.0,1.0,0.0
23.80952381,23.80952381,47.61904762,4.761904762,13.25926179,25.0,3.0,6,,24,1.0,0.0,1.0,0.0,0.0,1.0
23.80952381,23.80952381,47.61904762,4.761904762,13.25926179,25.0,3.0,6,,24,1.0,0.0,1.0,0.0,0.0,1.0
35.0,16.0,46.5,2.5,10.0,10.0,2.0,6,491.7170000000005,24,1.0,0.0,1.0,0.0,1.0,0.0
35.0,16.0,46.5,2.5,10.0,10.0,2.0,6,476.70200000000045,24,1.0,0.0,1.0,0.0,1.0,0.0
35.0,16.0,46.5,2.5,10.0,10.0,3.0,7,702.034,24,1.0,0.0,1.0,0.0,1.0,0.0
35.0,16.0,46.5,2.5,10.0,10.0,2.0,5,463.6630000000003,24,1.0,0.0,1.0,0.0,1.0,0.0
23.80952381,23.80952381,47.61904762,4.761904762,10.59793674,25.0,2.0,8,,24,1.0,0.0,1.0,0.0,0.0,1.0
35.0,16.0,46.5,2.5,10.0,10.0,2.0,5,574.8510000000002,24,1.0,0.0,1.0,0.0,1.0,0.0
35.0,16.0,46.5,2.5,10.0,10.0,3.0,7,632.9270000000001,24,1.0,0.0,1.0,0.0,1.0,0.0
35.0,16.0,46.5,2.5,10.0,10.0,2.0,8,504.7560000000005,24,1.0,0.0,1.0,0.0,1.0,0.0
23.80952381,23.80952381,47.61904762,4.761904762,17.61814833,25.0,4.0,8,,24,1.0,0.0,1.0,0.0,0.0,1.0
35.0,16.0,46.5,2.5,10.0,10.0,2.0,5,546.7970000000005,24,1.0,0.0,1.0,0.0,1.0,0.0
23.80952381,23.80952381,47.61904762,4.761904762,10.68246076,25.0,2.0,6,,24,1.0,0.0,1.0,0.0,0.0,1.0
35.0,16.0,46.5,2.5,10.0,10.0,2.0,9,547.8250000000005,24,1.0,0.0,1.0,0.0,1.0,0.0
35.0,16.0,46.5,2.5,10.0,10.0,2.0,7,534.7860000000005,24,1.0,0.0,1.0,0.0,1.0,0.0
23.80952381,23.80952381,47.61904762,4.761904762,20.34987096,25.0,6.0,6,,24,1.0,0.0,1.0,0.0,0.0,1.0
35.0,16.0,46.5,2.5,10.0,10.0,2.0,8,532.8100000000005,24,1.0,0.0,1.0,0.0,1.0,0.0
35.0,16.0,46.5,2.5,10.0,10.0,2.0,7,573.8630000000003,24,1.0,0.0,1.0,0.0,1.0,0.0
35.0,16.0,46.5,2.5,10.0,10.0,2.0,9,630.9590000000001,24,1.0,0.0,1.0,0.0,1.0,0.0
35.0,16.0,46.5,2.5,10.0,10.0,2.0,8,547.8250000000004,24,1.0,0.0,1.0,0.0,1.0,0.0
35.0,16.0,46.5,2.5,10.0,10.0,3.0,7,675.9960000000001,24,1.0,0.0,1.0,0.0,1.0,0.0
23.80952381,23.80952381,47.61904762,4.761904762,15.83275417,25.0,4.0,6,,24,1.0,0.0,1.0,0.0,0.0,1.0
35.0,16.0,46.5,2.5,10.0,10.0,3.0,6,659.9530000000002,24,1.0,0.0,1.0,0.0,1.0,0.0
35.0,16.0,46.5,2.5,10.0,10.0,2.0,7,519.7710000000005,24,1.0,0.0,1.0,0.0,1.0,0.0
35.0,16.0,46.5,2.5,10.0,10.0,2.0,5,492.7050000000004,24,1.0,0.0,1.0,0.0,1.0,0.0
35.0,16.0,46.5,2.5,10.0,10.0,3.0,5,604.8730000000002,24,1.0,0.0,1.0,0.0,1.0,0.0
23.80952381,23.80952381,47.61904762,4.761904762,16.21769967,25.0,4.0,6,,24,1.0,0.0,1.0,0.0,0.0,1.0
35.0,16.0,46.5,2.5,10.0,10.0,3.0,7,744.1149999999999,24,1.0,0.0,1.0,0.0,1.0,0.0
23.80952381,23.80952381,47.61904762,4.761904762,19.46459718,25.0,6.0,6,,24,1.0,0.0,1.0,0.0,0.0,1.0
23.80952381,23.80952381,47.61904762,4.761904762,20.23562402,25.0,6.0,8,,24,1.0,0.0,1.0,0.0,0.0,1.0
23.80952381,23.80952381,47.61904762,4.761904762,10.19245476,25.0,2.0,6,,24,1.0,0.0,1.0,0.0,0.0,1.0
35.0,16.0,46.5,2.5,10.0,10.0,2.0,6,462.6750000000003,24,1.0,0.0,1.0,0.0,1.0,0.0
35.0,16.0,46.5,2.5,10.0,10.0,2.0,7,630.9590000000002,24,1.0,0.0,1.0,0.0,1.0,0.0
35.0,16.0,46.5,2.5,10.0,10.0,2.0,8,602.9050000000002,24,1.0,0.0,1.0,0.0,1.0,0.0
23.80952381,23.80952381,47.61904762,4.761904762,10.82833474,25.0,2.0,6,,24,1.0,0.0,1.0,0.0,0.0,1.0
35.0,16.0,46.5,2.5,10.0,10.0,2.0,7,576.8670000000003,24,1.0,0.0,1.0,0.0,1.0,0.0
23.80952381,23.80952381,47.61904762,4.761904762,10.19245476,25.0,2.0,6,,24,1.0,0.0,1.0,0.0,0.0,1.0
35.0,16.0,46.5,2.5,10.0,10.0,3.0,7,718.077,24,1.0,0.0,1.0,0.0,1.0,0.0
23.80952381,23.80952381,47.61904762,4.761904762,21.00407112,25.0,6.0,8,,24,1.0,0.0,1.0,0.0,0.0,1.0
23.80952381,23.80952381,47.61904762,4.761904762,16.21769967,25.0,4.0,6,,24,1.0,0.0,1.0,0.0,0.0,1.0
35.0,16.0,46.5,2.5,10.0,10.0,2.0,5,520.7590000000006,24,1.0,0.0,1.0,0.0,1.0,0.0
23.80952381,23.80952381,47.61904762,4.761904762,13.25926179,25.0,3.0,6,,24,1.0,0.0,1.0,0.0,0.0,1.0
35.0,16.0,46.5,2.5,10.0,10.0,2.0,6,574.8510000000002,24,1.0,0.0,1.0,0.0,1.0,0.0
35.0,16.0,46.5,2.5,10.0,10.0,3.0,7,660.9810000000001,24,1.0,0.0,1.0,0.0,1.0,0.0
35.0,16.0,46.5,2.5,10.0,10.0,2.0,7,533.7980000000005,24,1.0,0.0,1.0,0.0,1.0,0.0
35.0,16.0,46.5,2.5,10.0,10.0,3.0,5,717.049,24,1.0,0.0,1.0,0.0,1.0,0.0
23.80952381,23.80952381,47.61904762,4.761904762,11.31715245,25.0,2.0,8,,24,1.0,0.0,1.0,0.0,0.0,1.0
35.0,16.0,46.5,2.5,10.0,10.0,3.0,5,548.7650000000004,24,1.0,0.0,1.0,0.0,1.0,0.0
23.80952381,23.80952381,47.61904762,4.761904762,10.77588088,25.0,2.0,6,,24,1.0,0.0,1.0,0.0,0.0,1.0
23.80952381,23.80952381,47.61904762,4.761904762,16.21769967,25.0,4.0,6,,24,1.0,0.0,1.0,0.0,0.0,1.0
23.80952381,23.80952381,47.61904762,4.761904762,10.77588088,25.0,2.0,6,,24,1.0,0.0,1.0,0.0,0.0,1.0
35.0,16.0,46.5,2.5,10.0,10.0,3.0,7,758.1419999999998,24,1.0,0.0,1.0,0.0,1.0,0.0
35.0,16.0,46.5,2.5,10.0,10.0,3.0,5,617.8720000000002,24,1.0,0.0,1.0,0.0,1.0,0.0
35.0,16.0,46.5,2.5,10.0,10.0,2.0,7,546.8370000000004,24,1.0,0.0,1.0,0.0,1.0,0.0
35.0,16.0,46.5,2.5,10.0,10.0,3.0,5,618.9000000000002,24,1.0,0.0,1.0,0.0,1.0,0.0
23.80952381,23.80952381,47.61904762,4.761904762,19.46459718,25.0,6.0,6,,24,1.0,0.0,1.0,0.0,0.0,1.0
35.0,16.0,46.5,2.5,10.0,10.0,2.0,5,489.7010000000003,24,1.0,0.0,1.0,0.0,1.0,0.0
23.80952381,23.80952381,47.61904762,4.761904762,21.05699789,25.0,6.0,8,,24,1.0,0.0,1.0,0.0,0.0,1.0
35.0,16.0,46.5,2.5,10.0,10.0,2.0,8,547.8250000000005,24,1.0,0.0,1.0,0.0,1.0,0.0
23.80952381,23.80952381,47.61904762,4.761904762,10.04013539,25.0,2.0,6,,24,1.0,0.0,1.0,0.0,0.0,1.0
35.0,16.0,46.5,2.5,10.0,10.0,3.0,6,604.8730000000002,24,1.0,0.0,1.0,0.0,1.0,0.0
35.0,16.0,46.5,2.5,10.0,10.0,2.0,5,476.70200000000034,24,1.0,0.0,1.0,0.0,1.0,0.0
35.0,16.0,46.5,2.5,10.0,10.0,3.0,5,632.9270000000001,24,1.0,0.0,1.0,0.0,1.0,0.0
15.0,15.0,30.0,3.0,20.0,25.0,5.0,6,1028.3290000000002,24,1.0,0.0,1.0,0.0,0.0,1.0
15.0,15.0,30.0,3.0,20.0,25.0,5.0,8,1168.5990000000002,24,1.0,0.0,1.0,0.0,0.0,1.0
15.0,15.0,30.0,3.0,20.0,25.0,5.0,10,1308.8690000000006,24,1.0,0.0,1.0,0.0,0.0,1.0
15.0,15.0,30.0,3.0,20.0,25.0,5.0,9,1308.8690000000006,24,1.0,0.0,1.0,0.0,0.0,1.0
15.0,15.0,30.0,3.0,20.0,25.0,5.0,12,1449.139000000001,24,1.0,0.0,1.0,0.0,0.0,1.0
15.0,15.0,30.0,3.0,20.0,25.0,5.0,14,1589.4090000000012,24,1.0,0.0,1.0,0.0,0.0,1.0
15.0,15.0,30.0,3.0,20.0,25.0,9.0,6,1349.026,24,1.0,0.0,1.0,0.0,0.0,1.0
15.0,15.0,30.0,3.0,20.0,25.0,9.0,8,1601.5120000000006,24,1.0,0.0,1.0,0.0,0.0,1.0
15.0,15.0,30.0,3.0,20.0,25.0,9.0,10,1853.998000000001,24,1.0,0.0,1.0,0.0,0.0,1.0
15.0,15.0,30.0,3.0,20.0,25.0,9.0,9,1853.998,24,1.0,0.0,1.0,0.0,0.0,1.0
15.0,15.0,30.0,3.0,20.0,25.0,9.0,12,2106.4840000000013,24,1.0,0.0,1.0,0.0,0.0,1.0
15.0,15.0,30.0,3.0,20.0,25.0,9.0,14,2358.9700000000007,24,1.0,0.0,1.0,0.0,0.0,1.0
15.0,15.0,30.0,3.0,20.0,25.0,9.0,6,1487.0570000000007,24,1.0,0.0,1.0,0.0,0.0,1.0
15.0,15.0,30.0,3.0,20.0,25.0,9.0,8,1739.5430000000003,24,1.0,0.0,1.0,0.0,0.0,1.0
15.0,15.0,30.0,3.0,20.0,25.0,9.0,10,1992.029000000001,24,1.0,0.0,1.0,0.0,0.0,1.0
15.0,15.0,30.0,3.0,20.0,25.0,9.0,9,1992.029,24,1.0,0.0,1.0,0.0,0.0,1.0
15.0,15.0,30.0,3.0,20.0,25.0,9.0,12,2244.5150000000003,24,1.0,0.0,1.0,0.0,0.0,1.0
15.0,15.0,30.0,3.0,20.0,25.0,9.0,14,2497.0009999999997,24,1.0,0.0,1.0,0.0,0.0,1.0
15.0,15.0,30.0,3.0,20.0,25.0,7.0,6,1197.684999999999,24,1.0,0.0,1.0,0.0,0.0,1.0
15.0,15.0,30.0,3.0,20.0,25.0,7.0,8,1394.0629999999992,24,1.0,0.0,1.0,0.0,0.0,1.0
15.0,15.0,30.0,3.0,20.0,25.0,7.0,10,1590.4409999999991,24,1.0,0.0,1.0,0.0,0.0,1.0
15.0,15.0,30.0,3.0,20.0,25.0,7.0,9,1590.4409999999991,24,1.0,0.0,1.0,0.0,0.0,1.0
15.0,15.0,30.0,3.0,20.0,25.0,7.0,12,1786.819,24,1.0,0.0,1.0,0.0,0.0,1.0
15.0,15.0,30.0,3.0,20.0,25.0,7.0,14,1983.1970000000003,24,1.0,0.0,1.0,0.0,0.0,1.0
15.0,15.0,30.0,3.0,20.0,25.0,5.0,6,1378.7840000000008,24,1.0,0.0,1.0,0.0,0.0,1.0
15.0,15.0,30.0,3.0,20.0,25.0,5.0,8,1519.054000000001,24,1.0,0.0,1.0,0.0,0.0,1.0
15.0,15.0,30.0,3.0,20.0,25.0,5.0,7,1519.0540000000003,24,1.0,0.0,1.0,0.0,0.0,1.0
15.0,15.0,30.0,3.0,20.0,25.0,5.0,10,1659.3240000000012,24,1.0,0.0,1.0,0.0,0.0,1.0
15.0,15.0,30.0,3.0,20.0,25.0,5.0,12,1799.5940000000007,24,1.0,0.0,1.0,0.0,0.0,1.0
15.0,15.0,30.0,3.0,20.0,25.0,9.0,6,1979.8450000000007,24,1.0,0.0,1.0,0.0,0.0,1.0
15.0,15.0,30.0,3.0,20.0,25.0,9.0,8,2232.3310000000006,24,1.0,0.0,1.0,0.0,0.0,1.0
15.0,15.0,30.0,3.0,20.0,25.0,9.0,7,2232.330999999999,24,1.0,0.0,1.0,0.0,0.0,1.0
15.0,15.0,30.0,3.0,20.0,25.0,9.0,10,2484.817,24,1.0,0.0,1.0,0.0,0.0,1.0
15.0,15.0,30.0,3.0,20.0,25.0,9.0,12,2737.3030000000003,24,1.0,0.0,1.0,0.0,0.0,1.0
15.0,15.0,30.0,3.0,20.0,25.0,9.0,6,2117.8759999999997,24,1.0,0.0,1.0,0.0,0.0,1.0
15.0,15.0,30.0,3.0,20.0,25.0,9.0,8,2370.3619999999996,24,1.0,0.0,1.0,0.0,0.0,1.0
15.0,15.0,30.0,3.0,20.0,25.0,9.0,7,2370.3619999999983,24,1.0,0.0,1.0,0.0,0.0,1.0
15.0,15.0,30.0,3.0,20.0,25.0,9.0,10,2622.8479999999986,24,1.0,0.0,1.0,0.0,0.0,1.0
15.0,15.0,30.0,3.0,20.0,25.0,9.0,12,2875.333999999996,24,1.0,0.0,1.0,0.0,0.0,1.0
15.0,15.0,30.0,3.0,20.0,25.0,7.0,6,1688.3219999999992,24,1.0,0.0,1.0,0.0,0.0,1.0
15.0,15.0,30.0,3.0,20.0,25.0,7.0,8,1884.6999999999996,24,1.0,0.0,1.0,0.0,0.0,1.0
15.0,15.0,30.0,3.0,20.0,25.0,7.0,7,1884.699999999999,24,1.0,0.0,1.0,0.0,0.0,1.0
15.0,15.0,30.0,3.0,20.0,25.0,7.0,10,2081.0779999999995,24,1.0,0.0,1.0,0.0,0.0,1.0
15.0,15.0,30.0,3.0,20.0,25.0,7.0,12,2277.456,24,1.0,0.0,1.0,0.0,0.0,1.0
6.5,1.0,26.6,24.2,7.027330447330451,50.0,8.0,10,1947.9760000000008,24,0.0,1.0,0.0,1.0,1.0,0.0
6.5,1.0,26.6,24.2,7.432150072150075,50.0,8.0,11,2060.192000000001,24,0.0,1.0,0.0,1.0,1.0,0.0
6.5,1.0,26.6,24.2,7.836969696969701,50.0,8.0,12,2172.4080000000013,24,0.0,1.0,0.0,1.0,1.0,0.0
6.5,1.0,26.6,24.2,8.241789321789323,50.0,8.0,13,2284.6240000000003,24,0.0,1.0,0.0,1.0,1.0,0.0
6.5,1.0,26.6,24.2,8.646608946608948,50.0,8.0,14,2396.8400000000006,24,0.0,1.0,0.0,1.0,1.0,0.0
6.5,1.0,26.6,24.2,9.456248196248197,50.0,8.0,16,2621.272,24,0.0,1.0,0.0,1.0,1.0,0.0
6.5,1.0,26.6,24.2,6.091738816738815,50.0,7.0,10,1688.6299999999994,24,0.0,1.0,0.0,1.0,1.0,0.0
6.5,1.0,26.6,24.2,6.445955988455988,50.0,7.0,11,1786.819,24,0.0,1.0,0.0,1.0,1.0,0.0
6.5,1.0,26.6,24.2,6.800173160173161,50.0,7.0,12,1885.0080000000005,24,0.0,1.0,0.0,1.0,1.0,0.0
6.5,1.0,26.6,24.2,7.154390331890333,50.0,7.0,13,1983.1970000000003,24,0.0,1.0,0.0,1.0,1.0,0.0
6.5,1.0,26.6,24.2,8.870360750360746,50.0,10.0,11,2458.8639999999987,24,0.0,1.0,0.0,1.0,1.0,0.0
6.5,1.0,26.6,24.2,4.974761904761908,50.0,5.0,10,1379.0040000000008,24,0.0,1.0,0.0,1.0,1.0,0.0
6.5,1.0,26.6,24.2,5.2277741702741745,50.0,5.0,11,1449.139000000001,24,0.0,1.0,0.0,1.0,1.0,0.0
6.5,1.0,26.6,24.2,5.48078643578644,50.0,5.0,12,1519.274000000001,24,0.0,1.0,0.0,1.0,1.0,0.0
6.5,1.0,26.6,24.2,5.7337987012987055,50.0,5.0,13,1589.4090000000012,24,0.0,1.0,0.0,1.0,1.0,0.0
6.5,1.0,26.6,24.2,5.986810966810971,50.0,5.0,14,1659.5440000000012,24,0.0,1.0,0.0,1.0,1.0,0.0
6.5,1.0,26.6,24.2,6.492835497835501,50.0,5.0,16,1799.8140000000008,24,0.0,1.0,0.0,1.0,1.0,0.0
6.5,1.0,26.6,24.2,8.393755411255407,50.0,10.0,11,2326.748999999999,24,0.0,1.0,0.0,1.0,1.0,0.0
6.5,1.0,26.6,24.2,8.899779942279942,50.0,10.0,12,2467.019,24,0.0,1.0,0.0,1.0,1.0,0.0
6.5,1.0,26.6,24.2,9.405804473304473,50.0,10.0,13,2607.2889999999993,24,0.0,1.0,0.0,1.0,1.0,0.0
6.5,1.0,26.6,24.2,9.23961038961039,50.0,9.0,14,2561.22,24,0.0,1.0,0.0,1.0,1.0,0.0
6.5,1.0,26.6,24.2,6.554274891774891,50.0,8.0,10,1816.845,24,0.0,1.0,0.0,1.0,1.0,0.0
6.5,1.0,26.6,24.2,7.363914141414143,50.0,8.0,12,2041.2770000000005,24,0.0,1.0,0.0,1.0,1.0,0.0
6.5,1.0,26.6,24.2,7.042521645021649,50.0,8.0,11,1952.1870000000013,24,0.0,1.0,0.0,1.0,1.0,0.0
6.5,1.0,26.6,24.2,7.447341269841275,50.0,8.0,12,2064.4030000000016,24,0.0,1.0,0.0,1.0,1.0,0.0
6.5,1.0,26.6,24.2,7.852160894660901,50.0,8.0,13,2176.619000000002,24,0.0,1.0,0.0,1.0,1.0,0.0
6.5,1.0,26.6,24.2,8.256980519480525,50.0,8.0,14,2288.8350000000014,24,0.0,1.0,0.0,1.0,1.0,0.0
6.5,1.0,26.6,24.2,3.244880952380951,50.0,4.0,11,899.4809999999997,24,0.0,1.0,0.0,1.0,1.0,0.0
6.5,1.0,26.6,24.2,3.4472907647907625,50.0,4.0,12,955.5889999999994,24,0.0,1.0,0.0,1.0,1.0,0.0
38.5,30.0,30.0,1.5,2.3611816033448454,6.25,4.0,5,1298.8859999999995,24,1.0,0.0,1.0,0.0,1.0,0.0
38.5,30.0,30.0,1.5,2.4631776040719857,6.25,4.0,6,1354.9939999999997,24,1.0,0.0,1.0,0.0,1.0,0.0
38.5,30.0,30.0,1.5,2.565173604799127,6.25,4.0,7,1411.1019999999996,24,1.0,0.0,1.0,0.0,1.0,0.0
38.5,30.0,30.0,1.5,2.667169605526268,6.25,4.0,8,1467.21,24,1.0,0.0,1.0,0.0,1.0,0.0
38.5,30.0,30.0,1.5,2.769165606253408,6.25,4.0,9,1523.3179999999998,24,1.0,0.0,1.0,0.0,1.0,0.0
38.5,30.0,30.0,1.5,2.871161606980549,6.25,4.0,10,1579.426,24,1.0,0.0,1.0,0.0,1.0,0.0
38.5,30.0,30.0,1.5,2.9731576077076887,6.25,4.0,11,1635.5339999999997,24,1.0,0.0,1.0,0.0,1.0,0.0
38.5,30.0,30.0,1.5,3.0751536084348294,6.25,4.0,12,1691.6419999999996,24,1.0,0.0,1.0,0.0,1.0,0.0
38.5,30.0,30.0,1.5,3.2791456098891105,6.25,4.0,14,1803.8579999999995,24,1.0,0.0,1.0,0.0,1.0,0.0
38.5,30.0,30.0,1.5,2.3611816033448454,12.5,4.0,5,1298.8859999999995,24,1.0,0.0,1.0,0.0,1.0,0.0
38.5,30.0,30.0,1.5,2.4631776040719857,12.5,4.0,6,1354.9939999999997,24,1.0,0.0,1.0,0.0,1.0,0.0
38.5,30.0,30.0,1.5,2.565173604799127,12.5,4.0,7,1411.1019999999996,24,1.0,0.0,1.0,0.0,1.0,0.0
38.5,30.0,30.0,1.5,2.667169605526268,12.5,4.0,8,1467.21,24,1.0,0.0,1.0,0.0,1.0,0.0
38.5,30.0,30.0,1.5,2.769165606253408,12.5,4.0,9,1523.3179999999998,24,1.0,0.0,1.0,0.0,1.0,0.0
38.5,30.0,30.0,1.5,2.871161606980549,12.5,4.0,10,1579.426,24,1.0,0.0,1.0,0.0,1.0,0.0
38.5,30.0,30.0,1.5,2.9731576077076887,12.5,4.0,11,1635.5339999999997,24,1.0,0.0,1.0,0.0,1.0,0.0
38.5,30.0,30.0,1.5,3.0751536084348294,12.5,4.0,12,1691.6419999999996,24,1.0,0.0,1.0,0.0,1.0,0.0
38.5,30.0,30.0,1.5,3.2791456098891105,12.5,4.0,14,1803.8579999999995,24,1.0,0.0,1.0,0.0,1.0,0.0
38.5,30.0,30.0,1.5,2.3611816033448454,25.0,4.0,5,1298.8859999999995,24,1.0,0.0,1.0,0.0,1.0,0.0
38.5,30.0,30.0,1.5,2.4631776040719857,25.0,4.0,6,1354.9939999999997,24,1.0,0.0,1.0,0.0,1.0,0.0
38.5,30.0,30.0,1.5,2.565173604799127,25.0,4.0,7,1411.1019999999996,24,1.0,0.0,1.0,0.0,1.0,0.0
38.5,30.0,30.0,1.5,2.667169605526268,25.0,4.0,8,1467.21,24,1.0,0.0,1.0,0.0,1.0,0.0
38.5,30.0,30.0,1.5,2.769165606253408,25.0,4.0,9,1523.3179999999998,24,1.0,0.0,1.0,0.0,1.0,0.0
38.5,30.0,30.0,1.5,2.871161606980549,25.0,4.0,10,1579.426,24,1.0,0.0,1.0,0.0,1.0,0.0
38.5,30.0,30.0,1.5,2.9731576077076887,25.0,4.0,11,1635.5339999999997,24,1.0,0.0,1.0,0.0,1.0,0.0
38.5,30.0,30.0,1.5,3.0751536084348294,25.0,4.0,12,1691.6419999999996,24,1.0,0.0,1.0,0.0,1.0,0.0
38.5,30.0,30.0,1.5,3.2791456098891105,25.0,4.0,14,1803.8579999999995,24,1.0,0.0,1.0,0.0,1.0,0.0
38.5,30.0,30.0,1.5,2.3611816033448454,50.0,4.0,5,1298.8859999999995,24,1.0,0.0,1.0,0.0,1.0,0.0
38.5,30.0,30.0,1.5,2.4631776040719857,50.0,4.0,6,1354.9939999999997,24,1.0,0.0,1.0,0.0,1.0,0.0
38.5,30.0,30.0,1.5,2.565173604799127,50.0,4.0,7,1411.1019999999996,24,1.0,0.0,1.0,0.0,1.0,0.0
38.5,30.0,30.0,1.5,2.667169605526268,50.0,4.0,8,1467.21,24,1.0,0.0,1.0,0.0,1.0,0.0
38.5,30.0,30.0,1.5,2.769165606253408,50.0,4.0,9,1523.3179999999998,24,1.0,0.0,1.0,0.0,1.0,0.0
38.5,30.0,30.0,1.5,2.871161606980549,50.0,4.0,10,1579.426,24,1.0,0.0,1.0,0.0,1.0,0.0
38.5,30.0,30.0,1.5,2.9731576077076887,50.0,4.0,11,1635.5339999999997,24,1.0,0.0,1.0,0.0,1.0,0.0
38.5,30.0,30.0,1.5,3.0751536084348294,50.0,4.0,12,1691.6419999999996,24,1.0,0.0,1.0,0.0,1.0,0.0
38.5,30.0,30.0,1.5,3.2791456098891105,50.0,4.0,14,1803.8579999999995,24,1.0,0.0,1.0,0.0,1.0,0.0
38.5,30.0,30.0,1.5,2.3611816033448454,6.25,4.0,5,1298.8859999999995,24,1.0,0.0,1.0,0.0,0.0,1.0
38.5,30.0,30.0,1.5,2.4631776040719857,6.25,4.0,6,1354.9939999999997,24,1.0,0.0,1.0,0.0,0.0,1.0
38.5,30.0,30.0,1.5,2.565173604799127,6.25,4.0,7,1411.1019999999996,24,1.0,0.0,1.0,0.0,0.0,1.0
38.5,30.0,30.0,1.5,2.667169605526268,6.25,4.0,8,1467.21,24,1.0,0.0,1.0,0.0,0.0,1.0
38.5,30.0,30.0,1.5,2.769165606253408,6.25,4.0,9,1523.3179999999998,24,1.0,0.0,1.0,0.0,0.0,1.0
38.5,30.0,30.0,1.5,2.871161606980549,6.25,4.0,10,1579.426,24,1.0,0.0,1.0,0.0,0.0,1.0
38.5,30.0,30.0,1.5,2.9731576077076887,6.25,4.0,11,1635.5339999999997,24,1.0,0.0,1.0,0.0,0.0,1.0
38.5,30.0,30.0,1.5,3.0751536084348294,6.25,4.0,12,1691.6419999999996,24,1.0,0.0,1.0,0.0,0.0,1.0
38.5,30.0,30.0,1.5,3.2791456098891105,6.25,4.0,14,1803.8579999999995,24,1.0,0.0,1.0,0.0,0.0,1.0
38.5,30.0,30.0,1.5,2.3611816033448454,12.5,4.0,5,1298.8859999999995,24,1.0,0.0,1.0,0.0,0.0,1.0
38.5,30.0,30.0,1.5,2.4631776040719857,12.5,4.0,6,1354.9939999999997,24,1.0,0.0,1.0,0.0,0.0,1.0
38.5,30.0,30.0,1.5,2.565173604799127,12.5,4.0,7,1411.1019999999996,24,1.0,0.0,1.0,0.0,0.0,1.0
38.5,30.0,30.0,1.5,2.667169605526268,12.5,4.0,8,1467.21,24,1.0,0.0,1.0,0.0,0.0,1.0
38.5,30.0,30.0,1.5,2.769165606253408,12.5,4.0,9,1523.3179999999998,24,1.0,0.0,1.0,0.0,0.0,1.0
38.5,30.0,30.0,1.5,2.871161606980549,12.5,4.0,10,1579.426,24,1.0,0.0,1.0,0.0,0.0,1.0
38.5,30.0,30.0,1.5,2.9731576077076887,12.5,4.0,11,1635.5339999999997,24,1.0,0.0,1.0,0.0,0.0,1.0
38.5,30.0,30.0,1.5,3.0751536084348294,12.5,4.0,12,1691.6419999999996,24,1.0,0.0,1.0,0.0,0.0,1.0
38.5,30.0,30.0,1.5,3.2791456098891105,12.5,4.0,14,1803.8579999999995,24,1.0,0.0,1.0,0.0,0.0,1.0
38.5,30.0,30.0,1.5,2.3611816033448454,25.0,4.0,5,1298.8859999999995,24,1.0,0.0,1.0,0.0,0.0,1.0
38.5,30.0,30.0,1.5,2.4631776040719857,25.0,4.0,6,1354.9939999999997,24,1.0,0.0,1.0,0.0,0.0,1.0
38.5,30.0,30.0,1.5,2.565173604799127,25.0,4.0,7,1411.1019999999996,24,1.0,0.0,1.0,0.0,0.0,1.0
38.5,30.0,30.0,1.5,2.667169605526268,25.0,4.0,8,1467.21,24,1.0,0.0,1.0,0.0,0.0,1.0
38.5,30.0,30.0,1.5,2.769165606253408,25.0,4.0,9,1523.3179999999998,24,1.0,0.0,1.0,0.0,0.0,1.0
38.5,30.0,30.0,1.5,2.871161606980549,25.0,4.0,10,1579.426,24,1.0,0.0,1.0,0.0,0.0,1.0
38.5,30.0,30.0,1.5,2.9731576077076887,25.0,4.0,11,1635.5339999999997,24,1.0,0.0,1.0,0.0,0.0,1.0
38.5,30.0,30.0,1.5,3.0751536084348294,25.0,4.0,12,1691.6419999999996,24,1.0,0.0,1.0,0.0,0.0,1.0
38.5,30.0,30.0,1.5,3.2791456098891105,25.0,4.0,14,1803.8579999999995,24,1.0,0.0,1.0,0.0,0.0,1.0
38.5,30.0,30.0,1.5,2.3611816033448454,50.0,4.0,5,1298.8859999999995,24,1.0,0.0,1.0,0.0,0.0,1.0
38.5,30.0,30.0,1.5,2.4631776040719857,50.0,4.0,6,1354.9939999999997,24,1.0,0.0,1.0,0.0,0.0,1.0
38.5,30.0,30.0,1.5,2.565173604799127,50.0,4.0,7,1411.1019999999996,24,1.0,0.0,1.0,0.0,0.0,1.0
38.5,30.0,30.0,1.5,2.667169605526268,50.0,4.0,8,1467.21,24,1.0,0.0,1.0,0.0,0.0,1.0
38.5,30.0,30.0,1.5,2.769165606253408,50.0,4.0,9,1523.3179999999998,24,1.0,0.0,1.0,0.0,0.0,1.0
38.5,30.0,30.0,1.5,2.871161606980549,50.0,4.0,10,1579.426,24,1.0,0.0,1.0,0.0,0.0,1.0
38.5,30.0,30.0,1.5,2.9731576077076887,50.0,4.0,11,1635.5339999999997,24,1.0,0.0,1.0,0.0,0.0,1.0
38.5,30.0,30.0,1.5,3.0751536084348294,50.0,4.0,12,1691.6419999999996,24,1.0,0.0,1.0,0.0,0.0,1.0
38.5,30.0,30.0,1.5,3.2791456098891105,50.0,4.0,14,1803.8579999999995,24,1.0,0.0,1.0,0.0,0.0,1.0
