Ionizable_Lipid_Mol_Ratio,Phospholipid_Mol_Ratio,Cholesterol_Mol_Ratio,PEG_Lipid_Mol_Ratio,Ionizable_Lipid_to_mRNA_weight_ratio,Dose/Cells,Num_tails,Num_carbon_in_tail,MolWt,Helper_lipid_ID_DOPE,Helper_lipid_ID_DSPC,Helper_lipid_ID_MDOA,Cargo_type_mRNA,Cargo_type_siRNA,Model_type_HeLa,Model_type_HepG2,Model_type_IGROV1,Model_type_MDA_MB
35.0,16.0,46.5,2.5,10.0,3.044522437723423,2.0,6,6.141312411659964,1.0,0.0,0.0,1.0,0.0,1.0,0.0,0.0,0.0
35.0,16.0,46.5,2.5,10.0,3.044522437723423,2.0,5,6.141312411659964,1.0,0.0,0.0,1.0,0.0,1.0,0.0,0.0,0.0
35.0,16.0,46.5,2.5,10.0,3.044522437723423,2.0,7,6.199934972709498,1.0,0.0,0.0,1.0,0.0,1.0,0.0,0.0,0.0
35.0,16.0,46.5,2.5,10.0,3.044522437723423,2.0,6,6.199934972709498,1.0,0.0,0.0,1.0,0.0,1.0,0.0,0.0,0.0
35.0,16.0,46.5,2.5,10.0,3.044522437723423,2.0,8,6.255310405780225,1.0,0.0,0.0,1.0,0.0,1.0,0.0,0.0,0.0
35.0,16.0,46.5,2.5,10.0,3.044522437723423,2.0,7,6.2280059451041465,1.0,0.0,0.0,1.0,0.0,1.0,0.0,0.0,0.0
35.0,16.0,46.5,2.5,10.0,3.044522437723423,2.0,9,6.307779629309987,1.0,0.0,0.0,1.0,0.0,1.0,0.0,0.0,0.0
35.0,16.0,46.5,2.5,10.0,3.044522437723423,2.0,8,6.307779629309987,1.0,0.0,0.0,1.0,0.0,1.0,0.0,0.0,0.0
35.0,16.0,46.5,2.5,10.0,3.044522437723423,2.0,7,6.307779629309987,1.0,0.0,0.0,1.0,0.0,1.0,0.0,0.0,0.0
35.0,16.0,46.5,2.5,10.0,3.044522437723423,3.0,7,6.517665364475323,1.0,0.0,0.0,1.0,0.0,1.0,0.0,0.0,0.0
35.0,16.0,46.5,2.5,10.0,3.044522437723423,3.0,7,6.57796844517196,1.0,0.0,0.0,1.0,0.0,1.0,0.0,0.0,0.0
35.0,16.0,46.5,2.5,10.0,3.044522437723423,2.0,6,6.199934972709498,1.0,0.0,0.0,1.0,0.0,1.0,0.0,0.0,0.0
35.0,16.0,46.5,2.5,10.0,3.044522437723423,2.0,7,6.255310405780225,1.0,0.0,0.0,1.0,0.0,1.0,0.0,0.0,0.0
35.0,16.0,46.5,2.5,10.0,3.044522437723423,2.0,6,6.255310405780225,1.0,0.0,0.0,1.0,0.0,1.0,0.0,0.0,0.0
35.0,16.0,46.5,2.5,10.0,3.044522437723423,2.0,8,6.307779629309987,1.0,0.0,0.0,1.0,0.0,1.0,0.0,0.0,0.0
35.0,16.0,46.5,2.5,10.0,3.044522437723423,2.0,7,6.281889105505015,1.0,0.0,0.0,1.0,0.0,1.0,0.0,0.0,0.0
35.0,16.0,46.5,2.5,10.0,3.044522437723423,2.0,9,6.357632539144237,1.0,0.0,0.0,1.0,0.0,1.0,0.0,0.0,0.0
35.0,16.0,46.5,2.5,10.0,3.044522437723423,2.0,7,6.3576325391442365,1.0,0.0,0.0,1.0,0.0,1.0,0.0,0.0,0.0
35.0,16.0,46.5,2.5,10.0,3.044522437723423,3.0,7,6.558268722283239,1.0,0.0,0.0,1.0,0.0,1.0,0.0,0.0,0.0
35.0,16.0,46.5,2.5,10.0,3.044522437723423,3.0,7,6.616240537896846,1.0,0.0,0.0,1.0,0.0,1.0,0.0,0.0,0.0
35.0,16.0,46.5,2.5,10.0,3.044522437723423,2.0,6,6.305904780362723,1.0,0.0,0.0,1.0,0.0,1.0,0.0,0.0,0.0
35.0,16.0,46.5,2.5,10.0,3.044522437723423,2.0,5,6.305904780362723,1.0,0.0,0.0,1.0,0.0,1.0,0.0,0.0,0.0
35.0,16.0,46.5,2.5,10.0,3.044522437723423,2.0,8,6.403416900796057,1.0,0.0,0.0,1.0,0.0,1.0,0.0,0.0,0.0
35.0,16.0,46.5,2.5,10.0,3.044522437723423,3.0,7,6.651774695397254,1.0,0.0,0.0,1.0,0.0,1.0,0.0,0.0,0.0
35.0,16.0,46.5,2.5,10.0,3.044522437723423,2.0,6,6.305904780362723,1.0,0.0,0.0,1.0,0.0,1.0,0.0,0.0,0.0
35.0,16.0,46.5,2.5,10.0,3.044522437723423,2.0,7,6.35584894667675,1.0,0.0,0.0,1.0,0.0,1.0,0.0,0.0,0.0
35.0,16.0,46.5,2.5,10.0,3.044522437723423,2.0,8,6.403416900796057,1.0,0.0,0.0,1.0,0.0,1.0,0.0,0.0,0.0
35.0,16.0,46.5,2.5,10.0,3.044522437723423,2.0,9,6.448824518624765,1.0,0.0,0.0,1.0,0.0,1.0,0.0,0.0,0.0
35.0,16.0,46.5,2.5,10.0,3.044522437723423,2.0,7,6.448824518624765,1.0,0.0,0.0,1.0,0.0,1.0,0.0,0.0,0.0
35.0,16.0,46.5,2.5,10.0,3.044522437723423,3.0,5,6.516145737644414,1.0,0.0,0.0,1.0,0.0,1.0,0.0,0.0,0.0
35.0,16.0,46.5,2.5,10.0,3.044522437723423,3.0,6,6.57653781184498,1.0,0.0,0.0,1.0,0.0,1.0,0.0,0.0,0.0
35.0,16.0,46.5,2.5,10.0,3.044522437723423,3.0,7,6.6873716655331386,1.0,0.0,0.0,1.0,0.0,1.0,0.0,0.0,0.0
35.0,16.0,46.5,2.5,10.0,3.044522437723423,2.0,6,6.076772599263164,1.0,0.0,0.0,1.0,0.0,1.0,0.0,0.0,0.0
35.0,16.0,46.5,2.5,10.0,3.044522437723423,2.0,7,6.139183875775352,1.0,0.0,0.0,1.0,0.0,1.0,0.0,0.0,0.0
35.0,16.0,46.5,2.5,10.0,3.044522437723423,2.0,6,6.139183875775351,1.0,0.0,0.0,1.0,0.0,1.0,0.0,0.0,0.0
35.0,16.0,46.5,2.5,10.0,3.044522437723423,2.0,5,6.139183875775351,1.0,0.0,0.0,1.0,0.0,1.0,0.0,0.0,0.0
35.0,16.0,46.5,2.5,10.0,3.044522437723423,2.0,8,6.197927751730966,1.0,0.0,0.0,1.0,0.0,1.0,0.0,0.0,0.0
35.0,16.0,46.5,2.5,10.0,3.044522437723423,2.0,9,6.25341141678608,1.0,0.0,0.0,1.0,0.0,1.0,0.0,0.0,0.0
35.0,16.0,46.5,2.5,10.0,3.044522437723423,2.0,8,6.253411416786079,1.0,0.0,0.0,1.0,0.0,1.0,0.0,0.0,0.0
35.0,16.0,46.5,2.5,10.0,3.044522437723423,3.0,5,6.406670393149158,1.0,0.0,0.0,1.0,0.0,1.0,0.0,0.0,0.0
35.0,16.0,46.5,2.5,10.0,3.044522437723423,3.0,7,6.473819706178211,1.0,0.0,0.0,1.0,0.0,1.0,0.0,0.0,0.0
35.0,16.0,46.5,2.5,10.0,3.044522437723423,2.0,6,6.108465054446708,1.0,0.0,0.0,1.0,0.0,1.0,0.0,0.0,0.0
35.0,16.0,46.5,2.5,10.0,3.044522437723423,2.0,7,6.168987107115225,1.0,0.0,0.0,1.0,0.0,1.0,0.0,0.0,0.0
35.0,16.0,46.5,2.5,10.0,3.044522437723423,2.0,5,6.168987107115225,1.0,0.0,0.0,1.0,0.0,1.0,0.0,0.0,0.0
35.0,16.0,46.5,2.5,10.0,3.044522437723423,2.0,8,6.226054339546441,1.0,0.0,0.0,1.0,0.0,1.0,0.0,0.0,0.0
35.0,16.0,46.5,2.5,10.0,3.044522437723423,2.0,9,6.280039970403045,1.0,0.0,0.0,1.0,0.0,1.0,0.0,0.0,0.0
35.0,16.0,46.5,2.5,10.0,3.044522437723423,2.0,7,6.280039970403045,1.0,0.0,0.0,1.0,0.0,1.0,0.0,0.0,0.0
35.0,16.0,46.5,2.5,10.0,3.044522437723423,3.0,7,6.495236854618785,1.0,0.0,0.0,1.0,0.0,1.0,0.0,0.0,0.0
35.0,16.0,46.5,2.5,10.0,3.044522437723423,3.0,7,6.556866420462086,1.0,0.0,0.0,1.0,0.0,1.0,0.0,0.0,0.0
35.0,16.0,46.5,2.5,10.0,3.044522437723423,2.0,6,6.139183875775352,1.0,0.0,0.0,1.0,0.0,1.0,0.0,0.0,0.0
35.0,16.0,46.5,2.5,10.0,3.044522437723423,2.0,5,6.139183875775351,1.0,0.0,0.0,1.0,0.0,1.0,0.0,0.0,0.0
35.0,16.0,46.5,2.5,10.0,3.044522437723423,2.0,7,6.197927751730966,1.0,0.0,0.0,1.0,0.0,1.0,0.0,0.0,0.0
35.0,16.0,46.5,2.5,10.0,3.044522437723423,2.0,6,6.197927751730966,1.0,0.0,0.0,1.0,0.0,1.0,0.0,0.0,0.0
35.0,16.0,46.5,2.5,10.0,3.044522437723423,2.0,8,6.25341141678608,1.0,0.0,0.0,1.0,0.0,1.0,0.0,0.0,0.0
35.0,16.0,46.5,2.5,10.0,3.044522437723423,2.0,7,6.226054339546441,1.0,0.0,0.0,1.0,0.0,1.0,0.0,0.0,0.0
35.0,16.0,46.5,2.5,10.0,3.044522437723423,2.0,9,6.3059777974469275,1.0,0.0,0.0,1.0,0.0,1.0,0.0,0.0,0.0
35.0,16.0,46.5,2.5,10.0,3.044522437723423,2.0,8,6.3059777974469275,1.0,0.0,0.0,1.0,0.0,1.0,0.0,0.0,0.0
35.0,16.0,46.5,2.5,10.0,3.044522437723423,3.0,5,6.383246465907858,1.0,0.0,0.0,1.0,0.0,1.0,0.0,0.0,0.0
35.0,16.0,46.5,2.5,10.0,3.044522437723423,3.0,6,6.451933805852046,1.0,0.0,0.0,1.0,0.0,1.0,0.0,0.0,0.0
35.0,16.0,46.5,2.5,10.0,3.044522437723423,3.0,5,6.451933805852046,1.0,0.0,0.0,1.0,0.0,1.0,0.0,0.0,0.0
35.0,16.0,46.5,2.5,10.0,3.044522437723423,3.0,7,6.5162049102924655,1.0,0.0,0.0,1.0,0.0,1.0,0.0,0.0,0.0
35.0,16.0,46.5,2.5,10.0,3.044522437723423,2.0,6,6.168987107115225,1.0,0.0,0.0,1.0,0.0,1.0,0.0,0.0,0.0
35.0,16.0,46.5,2.5,10.0,3.044522437723423,2.0,5,6.168987107115225,1.0,0.0,0.0,1.0,0.0,1.0,0.0,0.0,0.0
35.0,16.0,46.5,2.5,10.0,3.044522437723423,2.0,7,6.226054339546441,1.0,0.0,0.0,1.0,0.0,1.0,0.0,0.0,0.0
35.0,16.0,46.5,2.5,10.0,3.044522437723423,2.0,6,6.226054339546441,1.0,0.0,0.0,1.0,0.0,1.0,0.0,0.0,0.0
35.0,16.0,46.5,2.5,10.0,3.044522437723423,2.0,5,6.226054339546441,1.0,0.0,0.0,1.0,0.0,1.0,0.0,0.0,0.0
35.0,16.0,46.5,2.5,10.0,3.044522437723423,2.0,8,6.280039970403045,1.0,0.0,0.0,1.0,0.0,1.0,0.0,0.0,0.0
35.0,16.0,46.5,2.5,10.0,3.044522437723423,2.0,7,6.253411416786079,1.0,0.0,0.0,1.0,0.0,1.0,0.0,0.0,0.0
35.0,16.0,46.5,2.5,10.0,3.044522437723423,2.0,9,6.331259827726127,1.0,0.0,0.0,1.0,0.0,1.0,0.0,0.0,0.0
35.0,16.0,46.5,2.5,10.0,3.044522437723423,2.0,8,6.331259827726127,1.0,0.0,0.0,1.0,0.0,1.0,0.0,0.0,0.0
35.0,16.0,46.5,2.5,10.0,3.044522437723423,3.0,5,6.406670393149158,1.0,0.0,0.0,1.0,0.0,1.0,0.0,0.0,0.0
35.0,16.0,46.5,2.5,10.0,3.044522437723423,3.0,5,6.473819706178211,1.0,0.0,0.0,1.0,0.0,1.0,0.0,0.0,0.0
35.0,16.0,46.5,2.5,10.0,3.044522437723423,3.0,7,6.536742320942535,1.0,0.0,0.0,1.0,0.0,1.0,0.0,0.0,0.0
35.0,16.0,46.5,2.5,10.0,3.044522437723423,3.0,7,6.595938971351631,1.0,0.0,0.0,1.0,0.0,1.0,0.0,0.0,0.0
35.0,16.0,46.5,2.5,10.0,3.044522437723423,2.0,6,6.195834980998816,1.0,0.0,0.0,1.0,0.0,1.0,0.0,0.0,0.0
35.0,16.0,46.5,2.5,10.0,3.044522437723423,2.0,7,6.2514317100526755,1.0,0.0,0.0,1.0,0.0,1.0,0.0,0.0,0.0
35.0,16.0,46.5,2.5,10.0,3.044522437723423,2.0,8,6.3040995641144875,1.0,0.0,0.0,1.0,0.0,1.0,0.0,0.0,0.0
35.0,16.0,46.5,2.5,10.0,3.044522437723423,2.0,9,6.354131751539155,1.0,0.0,0.0,1.0,0.0,1.0,0.0,0.0,0.0
35.0,16.0,46.5,2.5,10.0,3.044522437723423,2.0,8,6.354131751539155,1.0,0.0,0.0,1.0,0.0,1.0,0.0,0.0,0.0
35.0,16.0,46.5,2.5,10.0,3.044522437723423,2.0,7,6.354131751539155,1.0,0.0,0.0,1.0,0.0,1.0,0.0,0.0,0.0
35.0,16.0,46.5,2.5,10.0,3.044522437723423,3.0,5,6.427898466164284,1.0,0.0,0.0,1.0,0.0,1.0,0.0,0.0,0.0
35.0,16.0,46.5,2.5,10.0,3.044522437723423,3.0,6,6.493682732936358,1.0,0.0,0.0,1.0,0.0,1.0,0.0,0.0,0.0
35.0,16.0,46.5,2.5,10.0,3.044522437723423,3.0,7,6.555405254794784,1.0,0.0,0.0,1.0,0.0,1.0,0.0,0.0,0.0
35.0,16.0,46.5,2.5,10.0,3.044522437723423,3.0,7,6.613538568883015,1.0,0.0,0.0,1.0,0.0,1.0,0.0,0.0,0.0
35.0,16.0,46.5,2.5,10.0,3.044522437723423,2.0,6,6.224019670309423,1.0,0.0,0.0,1.0,0.0,1.0,0.0,0.0,0.0
35.0,16.0,46.5,2.5,10.0,3.044522437723423,2.0,5,6.224019670309422,1.0,0.0,0.0,1.0,0.0,1.0,0.0,0.0,0.0
35.0,16.0,46.5,2.5,10.0,3.044522437723423,2.0,7,6.278112334871712,1.0,0.0,0.0,1.0,0.0,1.0,0.0,0.0,0.0
35.0,16.0,46.5,2.5,10.0,3.044522437723423,2.0,8,6.329428527668593,1.0,0.0,0.0,1.0,0.0,1.0,0.0,0.0,0.0
35.0,16.0,46.5,2.5,10.0,3.044522437723423,2.0,9,6.378239408994667,1.0,0.0,0.0,1.0,0.0,1.0,0.0,0.0,0.0
35.0,16.0,46.5,2.5,10.0,3.044522437723423,2.0,7,6.378239408994667,1.0,0.0,0.0,1.0,0.0,1.0,0.0,0.0,0.0
35.0,16.0,46.5,2.5,10.0,3.044522437723423,3.0,5,6.4503108517515715,1.0,0.0,0.0,1.0,0.0,1.0,0.0,0.0,0.0
35.0,16.0,46.5,2.5,10.0,3.044522437723423,3.0,6,6.514683060803934,1.0,0.0,0.0,1.0,0.0,1.0,0.0,0.0,0.0
35.0,16.0,46.5,2.5,10.0,3.044522437723423,3.0,5,6.514683060803934,1.0,0.0,0.0,1.0,0.0,1.0,0.0,0.0,0.0
35.0,16.0,46.5,2.5,10.0,3.044522437723423,3.0,7,6.57516091368931,1.0,0.0,0.0,1.0,0.0,1.0,0.0,0.0,0.0
35.0,16.0,46.5,2.5,10.0,3.044522437723423,3.0,7,6.632188848170846,1.0,0.0,0.0,1.0,0.0,1.0,0.0,0.0,0.0
35.0,16.0,46.5,2.5,10.0,3.044522437723423,2.0,6,6.044042765626833,1.0,0.0,0.0,1.0,0.0,1.0,0.0,0.0,0.0
35.0,16.0,46.5,2.5,10.0,3.044522437723423,2.0,5,6.044042765626833,1.0,0.0,0.0,1.0,0.0,1.0,0.0,0.0,0.0
35.0,16.0,46.5,2.5,10.0,3.044522437723423,2.0,7,6.108465054446708,1.0,0.0,0.0,1.0,0.0,1.0,0.0,0.0,0.0
35.0,16.0,46.5,2.5,10.0,3.044522437723423,2.0,6,6.108465054446708,1.0,0.0,0.0,1.0,0.0,1.0,0.0,0.0,0.0
35.0,16.0,46.5,2.5,10.0,3.044522437723423,2.0,5,6.108465054446708,1.0,0.0,0.0,1.0,0.0,1.0,0.0,0.0,0.0
35.0,16.0,46.5,2.5,10.0,3.044522437723423,2.0,8,6.168987107115225,1.0,0.0,0.0,1.0,0.0,1.0,0.0,0.0,0.0
35.0,16.0,46.5,2.5,10.0,3.044522437723423,2.0,9,6.226054339546441,1.0,0.0,0.0,1.0,0.0,1.0,0.0,0.0,0.0
35.0,16.0,46.5,2.5,10.0,3.044522437723423,2.0,7,6.226054339546441,1.0,0.0,0.0,1.0,0.0,1.0,0.0,0.0,0.0
35.0,16.0,46.5,2.5,10.0,3.044522437723423,3.0,5,6.309490914192243,1.0,0.0,0.0,1.0,0.0,1.0,0.0,0.0,0.0
35.0,16.0,46.5,2.5,10.0,3.044522437723423,3.0,6,6.383246465907858,1.0,0.0,0.0,1.0,0.0,1.0,0.0,0.0,0.0
35.0,16.0,46.5,2.5,10.0,3.044522437723423,3.0,7,6.5162049102924655,1.0,0.0,0.0,1.0,0.0,1.0,0.0,0.0,0.0
35.0,16.0,46.5,2.5,10.0,3.044522437723423,2.0,6,6.201938172821393,1.0,0.0,0.0,1.0,0.0,1.0,0.0,0.0,0.0
35.0,16.0,46.5,2.5,10.0,3.044522437723423,2.0,5,6.201938172821393,1.0,0.0,0.0,1.0,0.0,1.0,0.0,0.0,0.0
35.0,16.0,46.5,2.5,10.0,3.044522437723423,2.0,7,6.25720579544917,1.0,0.0,0.0,1.0,0.0,1.0,0.0,0.0,0.0
35.0,16.0,46.5,2.5,10.0,3.044522437723423,2.0,6,6.25720579544917,1.0,0.0,0.0,1.0,0.0,1.0,0.0,0.0,0.0
35.0,16.0,46.5,2.5,10.0,3.044522437723423,2.0,8,6.309578220413413,1.0,0.0,0.0,1.0,0.0,1.0,0.0,0.0,0.0
35.0,16.0,46.5,2.5,10.0,3.044522437723423,2.0,7,6.283734827616468,1.0,0.0,0.0,1.0,0.0,1.0,0.0,0.0,0.0
35.0,16.0,46.5,2.5,10.0,3.044522437723423,2.0,9,6.3593437383882065,1.0,0.0,0.0,1.0,0.0,1.0,0.0,0.0,0.0
35.0,16.0,46.5,2.5,10.0,3.044522437723423,2.0,8,6.3593437383882065,1.0,0.0,0.0,1.0,0.0,1.0,0.0,0.0,0.0
35.0,16.0,46.5,2.5,10.0,3.044522437723423,3.0,5,6.432740715951765,1.0,0.0,0.0,1.0,0.0,1.0,0.0,0.0,0.0
35.0,16.0,46.5,2.5,10.0,3.044522437723423,3.0,6,6.498217388343333,1.0,0.0,0.0,1.0,0.0,1.0,0.0,0.0,0.0
35.0,16.0,46.5,2.5,10.0,3.044522437723423,3.0,5,6.498217388343333,1.0,0.0,0.0,1.0,0.0,1.0,0.0,0.0,0.0
15.0,15.0,30.0,3.0,20.0,3.9318256327243257,5.0,6,6.936662412623137,1.0,0.0,0.0,1.0,0.0,0.0,0.0,1.0,0.0
15.0,15.0,30.0,3.0,20.0,3.9318256327243257,5.0,8,7.064416234001989,1.0,0.0,0.0,1.0,0.0,0.0,0.0,1.0,0.0
15.0,15.0,30.0,3.0,20.0,3.9318256327243257,5.0,10,7.177682411194865,1.0,0.0,0.0,1.0,0.0,0.0,0.0,1.0,0.0
15.0,15.0,30.0,3.0,20.0,3.9318256327243257,5.0,9,7.177682411194865,1.0,0.0,0.0,1.0,0.0,0.0,0.0,1.0,0.0
15.0,15.0,30.0,3.0,20.0,3.9318256327243257,5.0,12,7.279414692889112,1.0,0.0,0.0,1.0,0.0,0.0,0.0,1.0,0.0
15.0,15.0,30.0,3.0,20.0,3.9318256327243257,5.0,14,7.371746494840021,1.0,0.0,0.0,1.0,0.0,0.0,0.0,1.0,0.0
15.0,15.0,30.0,3.0,20.0,3.9318256327243257,9.0,6,7.207879130506277,1.0,0.0,0.0,1.0,0.0,0.0,0.0,1.0,0.0
15.0,15.0,30.0,3.0,20.0,3.9318256327243257,9.0,8,7.37932767706632,1.0,0.0,0.0,1.0,0.0,0.0,0.0,1.0,0.0
15.0,15.0,30.0,3.0,20.0,3.9318256327243257,9.0,10,7.525638896873839,1.0,0.0,0.0,1.0,0.0,0.0,0.0,1.0,0.0
15.0,15.0,30.0,3.0,20.0,3.9318256327243257,9.0,9,7.525638896873838,1.0,0.0,0.0,1.0,0.0,0.0,0.0,1.0,0.0
15.0,15.0,30.0,3.0,20.0,3.9318256327243257,9.0,12,7.653250097913622,1.0,0.0,0.0,1.0,0.0,0.0,0.0,1.0,0.0
15.0,15.0,30.0,3.0,20.0,3.9318256327243257,9.0,14,7.766404186074453,1.0,0.0,0.0,1.0,0.0,0.0,0.0,1.0,0.0
15.0,15.0,30.0,3.0,20.0,3.9318256327243257,7.0,6,7.0889804015784055,1.0,0.0,0.0,1.0,0.0,0.0,0.0,1.0,0.0
15.0,15.0,30.0,3.0,20.0,3.9318256327243257,7.0,8,7.240694854526048,1.0,0.0,0.0,1.0,0.0,0.0,0.0,1.0,0.0
15.0,15.0,30.0,3.0,20.0,3.9318256327243257,7.0,10,7.37239517409026,1.0,0.0,0.0,1.0,0.0,0.0,0.0,1.0,0.0
15.0,15.0,30.0,3.0,20.0,3.9318256327243257,7.0,9,7.37239517409026,1.0,0.0,0.0,1.0,0.0,0.0,0.0,1.0,0.0
15.0,15.0,30.0,3.0,20.0,3.9318256327243257,7.0,12,7.488751720184259,1.0,0.0,0.0,1.0,0.0,0.0,0.0,1.0,0.0
15.0,15.0,30.0,3.0,20.0,3.9318256327243257,7.0,14,7.592969577270299,1.0,0.0,0.0,1.0,0.0,0.0,0.0,1.0,0.0
15.0,15.0,30.0,3.0,20.0,3.9318256327243257,5.0,6,7.229682244161315,1.0,0.0,0.0,1.0,0.0,0.0,0.0,1.0,0.0
15.0,15.0,30.0,3.0,20.0,3.9318256327243257,5.0,8,7.326501139525067,1.0,0.0,0.0,1.0,0.0,0.0,0.0,1.0,0.0
15.0,15.0,30.0,3.0,20.0,3.9318256327243257,5.0,7,7.326501139525067,1.0,0.0,0.0,1.0,0.0,0.0,0.0,1.0,0.0
15.0,15.0,30.0,3.0,20.0,3.9318256327243257,5.0,10,7.414768043028202,1.0,0.0,0.0,1.0,0.0,0.0,0.0,1.0,0.0
15.0,15.0,30.0,3.0,20.0,3.9318256327243257,5.0,12,7.495871889446232,1.0,0.0,0.0,1.0,0.0,0.0,0.0,1.0,0.0
15.0,15.0,30.0,3.0,20.0,3.9318256327243257,7.0,6,7.432082543989563,1.0,0.0,0.0,1.0,0.0,0.0,0.0,1.0,0.0
15.0,15.0,30.0,3.0,20.0,3.9318256327243257,7.0,8,7.542054383732877,1.0,0.0,0.0,1.0,0.0,0.0,0.0,1.0,0.0
15.0,15.0,30.0,3.0,20.0,3.9318256327243257,7.0,7,7.542054383732876,1.0,0.0,0.0,1.0,0.0,0.0,0.0,1.0,0.0
15.0,15.0,30.0,3.0,20.0,3.9318256327243257,7.0,10,7.641121712450102,1.0,0.0,0.0,1.0,0.0,0.0,0.0,1.0,0.0
15.0,15.0,30.0,3.0,20.0,3.9318256327243257,7.0,12,7.731253299567292,1.0,0.0,0.0,1.0,0.0,0.0,0.0,1.0,0.0
23.80952381,23.80952381,47.61904762,4.761904762,10.77588088,3.3300486952179686,2.0,6,6.632134838371347,1.0,0.0,0.0,1.0,0.0,0.0,0.0,1.0,0.0
23.80952381,23.80952381,47.61904762,4.761904762,16.21769967,3.726759104381723,4.0,6,7.246375207660808,1.0,0.0,0.0,1.0,0.0,0.0,0.0,1.0,0.0
23.80952381,23.80952381,47.61904762,4.761904762,10.77588088,3.3300486952179686,2.0,6,6.632134838371347,1.0,0.0,0.0,1.0,0.0,0.0,0.0,1.0,0.0
23.80952381,23.80952381,47.61904762,4.761904762,16.21769967,3.726759104381723,4.0,6,7.246375207660808,1.0,0.0,0.0,1.0,0.0,0.0,0.0,1.0,0.0
23.80952381,23.80952381,47.61904762,4.761904762,11.17613803,3.3652366449401283,2.0,8,6.682331630220261,1.0,0.0,0.0,1.0,0.0,0.0,0.0,1.0,0.0
23.80952381,23.80952381,47.61904762,4.761904762,11.31715245,3.3773445214851754,2.0,8,6.699752771352431,1.0,0.0,0.0,1.0,0.0,0.0,0.0,1.0,0.0
23.80952381,23.80952381,47.61904762,4.761904762,14.5995359,3.6243099924977136,3.0,8,7.075568767532858,1.0,0.0,0.0,1.0,0.0,0.0,0.0,1.0,0.0
23.80952381,23.80952381,47.61904762,4.761904762,17.2775286,3.788584994244936,4.0,8,7.35519244003977,1.0,0.0,0.0,1.0,0.0,0.0,0.0,1.0,0.0
23.80952381,23.80952381,47.61904762,4.761904762,21.00407112,3.979871875061105,6.0,8,7.729431988678006,1.0,0.0,0.0,1.0,0.0,0.0,0.0,1.0,0.0
23.80952381,23.80952381,47.61904762,4.761904762,10.77588088,3.3300486952179686,2.0,6,6.632134838371347,1.0,0.0,0.0,1.0,0.0,0.0,0.0,1.0,0.0
23.80952381,23.80952381,47.61904762,4.761904762,10.04013539,3.2619482826353634,2.0,6,6.536682901901323,1.0,0.0,0.0,1.0,0.0,0.0,0.0,1.0,0.0
23.80952381,23.80952381,47.61904762,4.761904762,10.19245476,3.2764326644371877,2.0,6,6.556808185258605,1.0,0.0,0.0,1.0,0.0,0.0,0.0,1.0,0.0
23.80952381,23.80952381,47.61904762,4.761904762,13.25926179,3.5307085428288203,3.0,6,6.9279891858129465,1.0,0.0,0.0,1.0,0.0,0.0,0.0,1.0,0.0
23.80952381,23.80952381,47.61904762,4.761904762,16.21769967,3.726759104381723,4.0,6,7.246375207660808,1.0,0.0,0.0,1.0,0.0,0.0,0.0,1.0,0.0
23.80952381,23.80952381,47.61904762,4.761904762,15.83275417,3.703321795245405,4.0,6,7.206325361340523,1.0,0.0,0.0,1.0,0.0,0.0,0.0,1.0,0.0
23.80952381,23.80952381,47.61904762,4.761904762,19.46459718,3.9052298430594576,6.0,6,7.57546054129233,1.0,0.0,0.0,1.0,0.0,0.0,0.0,1.0,0.0
23.80952381,23.80952381,47.61904762,4.761904762,10.77588088,3.3300486952179686,2.0,6,6.632134838371347,1.0,0.0,0.0,1.0,0.0,0.0,0.0,1.0,0.0
23.80952381,23.80952381,47.61904762,4.761904762,10.04013539,3.2619482826353634,2.0,6,6.536682901901323,1.0,0.0,0.0,1.0,0.0,0.0,0.0,1.0,0.0
23.80952381,23.80952381,47.61904762,4.761904762,10.19245476,3.2764326644371877,2.0,6,6.556808185258605,1.0,0.0,0.0,1.0,0.0,0.0,0.0,1.0,0.0
23.80952381,23.80952381,47.61904762,4.761904762,13.25926179,3.5307085428288203,3.0,6,6.9279891858129465,1.0,0.0,0.0,1.0,0.0,0.0,0.0,1.0,0.0
23.80952381,23.80952381,47.61904762,4.761904762,16.21769967,3.726759104381723,4.0,6,7.246375207660808,1.0,0.0,0.0,1.0,0.0,0.0,0.0,1.0,0.0
23.80952381,23.80952381,47.61904762,4.761904762,15.83275417,3.703321795245405,4.0,6,7.206325361340523,1.0,0.0,0.0,1.0,0.0,0.0,0.0,1.0,0.0
23.80952381,23.80952381,47.61904762,4.761904762,19.46459718,3.9052298430594576,6.0,6,7.57546054129233,1.0,0.0,0.0,1.0,0.0,0.0,0.0,1.0,0.0
23.80952381,23.80952381,47.61904762,4.761904762,11.30686477,3.3764661340962965,2.0,8,6.6984862793777635,1.0,0.0,0.0,1.0,0.0,0.0,0.0,1.0,0.0
23.80952381,23.80952381,47.61904762,4.761904762,10.59793674,3.3139984179883344,2.0,8,6.609443578340319,1.0,0.0,0.0,1.0,0.0,0.0,0.0,1.0,0.0
23.80952381,23.80952381,47.61904762,4.761904762,10.74465095,3.327250379244418,2.0,8,6.628169674827216,1.0,0.0,0.0,1.0,0.0,0.0,0.0,1.0,0.0
23.80952381,23.80952381,47.61904762,4.761904762,13.92164119,3.5780624950798554,3.0,8,7.001750048559102,1.0,0.0,0.0,1.0,0.0,0.0,0.0,1.0,0.0
23.80952381,23.80952381,47.61904762,4.761904762,16.91306346,3.7677520617180815,4.0,8,7.317983691190038,1.0,0.0,0.0,1.0,0.0,0.0,0.0,1.0,0.0
23.80952381,23.80952381,47.61904762,4.761904762,16.55047109,3.746586358234752,4.0,8,7.280753667619355,1.0,0.0,0.0,1.0,0.0,0.0,0.0,1.0,0.0
23.80952381,23.80952381,47.61904762,4.761904762,20.23562402,3.943309635474374,6.0,8,7.652539044998511,1.0,0.0,0.0,1.0,0.0,0.0,0.0,1.0,0.0
23.80952381,23.80952381,47.61904762,4.761904762,12.48975624,3.4727236378628867,2.0,12,6.839921735215031,1.0,0.0,0.0,1.0,0.0,0.0,0.0,1.0,0.0
23.80952381,23.80952381,47.61904762,4.761904762,12.61823901,3.4826421068189366,2.0,12,6.854821692682635,1.0,0.0,0.0,1.0,0.0,0.0,0.0,1.0,0.0
23.80952381,23.80952381,47.61904762,4.761904762,16.1075851,3.7201107101799264,3.0,12,7.234951050508785,1.0,0.0,0.0,1.0,0.0,0.0,0.0,1.0,0.0
23.80952381,23.80952381,47.61904762,4.761904762,18.86841846,3.874758138280495,4.0,12,7.515766050972798,1.0,0.0,0.0,1.0,0.0,0.0,0.0,1.0,0.0
23.80952381,23.80952381,47.61904762,4.761904762,22.64272036,4.053640631912548,6.0,12,7.8946997955962,1.0,0.0,0.0,1.0,0.0,0.0,0.0,1.0,0.0
23.80952381,23.80952381,47.61904762,4.761904762,10.77588088,3.3300486952179686,2.0,6,6.632134838371347,1.0,0.0,0.0,1.0,0.0,0.0,0.0,1.0,0.0
23.80952381,23.80952381,47.61904762,4.761904762,10.04013539,3.2619482826353634,2.0,6,6.536682901901323,1.0,0.0,0.0,1.0,0.0,0.0,0.0,1.0,0.0
23.80952381,23.80952381,47.61904762,4.761904762,10.19245476,3.2764326644371877,2.0,6,6.556808185258605,1.0,0.0,0.0,1.0,0.0,0.0,0.0,1.0,0.0
23.80952381,23.80952381,47.61904762,4.761904762,13.25926179,3.5307085428288203,3.0,6,6.9279891858129465,1.0,0.0,0.0,1.0,0.0,0.0,0.0,1.0,0.0
23.80952381,23.80952381,47.61904762,4.761904762,16.21769967,3.726759104381723,4.0,6,7.246375207660808,1.0,0.0,0.0,1.0,0.0,0.0,0.0,1.0,0.0
23.80952381,23.80952381,47.61904762,4.761904762,15.83275417,3.703321795245405,4.0,6,7.206325361340523,1.0,0.0,0.0,1.0,0.0,0.0,0.0,1.0,0.0
23.80952381,23.80952381,47.61904762,4.761904762,19.46459718,3.9052298430594576,6.0,6,7.57546054129233,1.0,0.0,0.0,1.0,0.0,0.0,0.0,1.0,0.0
23.80952381,23.80952381,47.61904762,4.761904762,10.77588088,3.3300486952179686,2.0,6,6.632134838371347,1.0,0.0,0.0,1.0,0.0,0.0,0.0,1.0,0.0
23.80952381,23.80952381,47.61904762,4.761904762,10.04013539,3.2619482826353634,2.0,6,6.536682901901323,1.0,0.0,0.0,1.0,0.0,0.0,0.0,1.0,0.0
23.80952381,23.80952381,47.61904762,4.761904762,10.19245476,3.2764326644371877,2.0,6,6.556808185258605,1.0,0.0,0.0,1.0,0.0,0.0,0.0,1.0,0.0
23.80952381,23.80952381,47.61904762,4.761904762,13.25926179,3.5307085428288203,3.0,6,6.9279891858129465,1.0,0.0,0.0,1.0,0.0,0.0,0.0,1.0,0.0
23.80952381,23.80952381,47.61904762,4.761904762,16.21769967,3.726759104381723,4.0,6,7.246375207660808,1.0,0.0,0.0,1.0,0.0,0.0,0.0,1.0,0.0
23.80952381,23.80952381,47.61904762,4.761904762,15.83275417,3.703321795245405,4.0,6,7.206325361340523,1.0,0.0,0.0,1.0,0.0,0.0,0.0,1.0,0.0
23.80952381,23.80952381,47.61904762,4.761904762,19.46459718,3.9052298430594576,6.0,6,7.57546054129233,1.0,0.0,0.0,1.0,0.0,0.0,0.0,1.0,0.0
23.80952381,23.80952381,47.61904762,4.761904762,10.04013539,3.2619482826353634,2.0,6,6.536682901901323,1.0,0.0,0.0,1.0,0.0,0.0,0.0,1.0,0.0
23.80952381,23.80952381,47.61904762,4.761904762,10.19245476,3.2764326644371877,2.0,6,6.556808185258605,1.0,0.0,0.0,1.0,0.0,0.0,0.0,1.0,0.0
23.80952381,23.80952381,47.61904762,4.761904762,13.25926179,3.5307085428288203,3.0,6,6.927989185812946,1.0,0.0,0.0,1.0,0.0,0.0,0.0,1.0,0.0
23.80952381,23.80952381,47.61904762,4.761904762,15.83275417,3.703321795245405,4.0,6,7.206325361340523,1.0,0.0,0.0,1.0,0.0,0.0,0.0,1.0,0.0
23.80952381,23.80952381,47.61904762,4.761904762,19.46459718,3.9052298430594576,6.0,6,7.57546054129233,1.0,0.0,0.0,1.0,0.0,0.0,0.0,1.0,0.0
23.80952381,23.80952381,47.61904762,4.761904762,11.89655679,3.4256100192908367,2.0,8,6.770005860122306,1.0,0.0,0.0,1.0,0.0,0.0,0.0,1.0,0.0
23.80952381,23.80952381,47.61904762,4.761904762,11.21681381,3.3687442469033764,2.0,8,6.687370418977528,1.0,0.0,0.0,1.0,0.0,0.0,0.0,1.0,0.0
23.80952381,23.80952381,47.61904762,4.761904762,11.35743149,3.3807762397752565,2.0,8,6.704704753970704,1.0,0.0,0.0,1.0,0.0,0.0,0.0,1.0,0.0
23.80952381,23.80952381,47.61904762,4.761904762,14.64689559,3.627462428702119,3.0,8,7.080669390867011,1.0,0.0,0.0,1.0,0.0,0.0,0.0,1.0,0.0
23.80952381,23.80952381,47.61904762,4.761904762,17.66716172,3.810386752752247,4.0,8,7.394764735966895,1.0,0.0,0.0,1.0,0.0,0.0,0.0,1.0,0.0
23.80952381,23.80952381,47.61904762,4.761904762,17.32804349,3.7914384956174274,4.0,8,7.360334226377024,1.0,0.0,0.0,1.0,0.0,0.0,0.0,1.0,0.0
23.80952381,23.80952381,47.61904762,4.761904762,21.05699789,3.982341566000887,6.0,8,7.734736431384895,1.0,0.0,0.0,1.0,0.0,0.0,0.0,1.0,0.0
6.5,1.0,26.6,24.2,4.974761904761908,2.866906346131355,5.0,10,7.229841676697775,0.0,1.0,0.0,0.0,1.0,1.0,0.0,0.0,0.0
6.5,1.0,26.6,24.2,5.2277741702741745,2.913758037980388,5.0,11,7.279414692889112,0.0,1.0,0.0,0.0,1.0,1.0,0.0,0.0,0.0
6.5,1.0,26.6,24.2,5.48078643578644,2.9585125393094356,5.0,12,7.326645860752767,0.0,1.0,0.0,0.0,1.0,1.0,0.0,0.0,0.0
6.5,1.0,26.6,24.2,5.7337987012987055,3.0013495837669644,5.0,13,7.371746494840021,0.0,1.0,0.0,0.0,1.0,1.0,0.0,0.0,0.0
6.5,1.0,26.6,24.2,5.986810966810971,3.0424267459630703,5.0,14,7.414900538508493,0.0,1.0,0.0,0.0,1.0,1.0,0.0,0.0,0.0
6.5,1.0,26.6,24.2,6.492835497835501,3.119841257818428,5.0,16,7.495994063884826,0.0,1.0,0.0,0.0,1.0,1.0,0.0,0.0,0.0
17.3,12.5,24.2,1.0,10.0,3.4339872044851463,2.0,9,6.126390903817533,1.0,0.0,0.0,1.0,0.0,0.0,1.0,0.0,0.0
17.3,12.5,24.2,1.0,10.0,3.4339872044851463,2.0,9,6.185869060082387,1.0,0.0,0.0,1.0,0.0,0.0,1.0,0.0,0.0
17.3,12.5,24.2,1.0,10.0,3.4339872044851463,2.0,9,6.242007288826501,1.0,0.0,0.0,1.0,0.0,0.0,1.0,0.0,0.0
17.3,12.5,24.2,1.0,10.0,3.4339872044851463,2.0,9,6.295160829857649,1.0,0.0,0.0,1.0,0.0,0.0,1.0,0.0,0.0
17.3,12.5,24.2,1.0,10.0,3.4339872044851463,2.0,9,6.345631097656851,1.0,0.0,0.0,1.0,0.0,0.0,1.0,0.0,0.0
17.3,12.5,24.2,1.0,10.0,3.4339872044851463,2.0,9,6.342087967457439,1.0,0.0,0.0,1.0,0.0,0.0,1.0,0.0,0.0
17.3,12.5,24.2,1.0,10.0,3.4339872044851463,2.0,9,6.3472858768217355,1.0,0.0,0.0,1.0,0.0,0.0,1.0,0.0,0.0
17.3,12.5,24.2,1.0,10.0,3.4339872044851463,2.0,9,6.395253250835202,1.0,0.0,0.0,1.0,0.0,0.0,1.0,0.0,0.0
17.3,12.5,24.2,1.0,10.0,3.4339872044851463,2.0,9,6.295160829857649,1.0,0.0,0.0,1.0,0.0,0.0,1.0,0.0,0.0
17.3,12.5,24.2,1.0,10.0,3.4339872044851463,2.0,9,6.189829632146499,1.0,0.0,0.0,1.0,0.0,0.0,1.0,0.0,0.0
17.3,12.5,24.2,1.0,10.0,3.4339872044851463,2.0,9,6.4923307399793995,1.0,0.0,0.0,1.0,0.0,0.0,1.0,0.0,0.0
17.3,12.5,24.2,1.0,10.0,3.4339872044851463,2.0,9,6.51335918270088,1.0,0.0,0.0,1.0,0.0,0.0,1.0,0.0,0.0
17.3,12.5,24.2,1.0,10.0,3.4339872044851463,2.0,9,6.554134238558061,1.0,0.0,0.0,1.0,0.0,0.0,1.0,0.0,0.0
17.3,12.5,24.2,1.0,10.0,3.4339872044851463,2.0,9,6.555540374265492,1.0,0.0,0.0,1.0,0.0,0.0,1.0,0.0,0.0
17.3,12.5,24.2,1.0,10.0,3.4339872044851463,2.0,9,6.575293390155756,1.0,0.0,0.0,1.0,0.0,0.0,1.0,0.0,0.0
17.3,12.5,24.2,1.0,10.0,3.4339872044851463,3.0,9,6.95242075784445,1.0,0.0,0.0,1.0,0.0,0.0,1.0,0.0,0.0
17.3,12.5,24.2,1.0,10.0,3.4339872044851463,2.0,9,6.613666057853714,1.0,0.0,0.0,1.0,0.0,0.0,1.0,0.0,0.0
17.3,12.5,24.2,1.0,10.0,3.4339872044851463,3.0,9,6.991874895526569,1.0,0.0,0.0,1.0,0.0,0.0,1.0,0.0,0.0
17.3,12.5,24.2,1.0,10.0,3.4339872044851463,4.0,9,7.323472982487962,1.0,0.0,0.0,1.0,0.0,0.0,1.0,0.0,0.0
17.3,12.5,24.2,1.0,10.0,3.4339872044851463,2.0,12,6.214332060327183,1.0,0.0,0.0,1.0,0.0,0.0,1.0,0.0,0.0
17.3,12.5,24.2,1.0,10.0,3.4339872044851463,2.0,12,6.26893718014087,1.0,0.0,0.0,1.0,0.0,0.0,1.0,0.0,0.0
17.3,12.5,24.2,1.0,10.0,3.4339872044851463,2.0,12,6.320714335960329,1.0,0.0,0.0,1.0,0.0,0.0,1.0,0.0,0.0
17.3,12.5,24.2,1.0,10.0,3.4339872044851463,2.0,12,6.369942077874225,1.0,0.0,0.0,1.0,0.0,0.0,1.0,0.0,0.0
17.3,12.5,24.2,1.0,10.0,3.4339872044851463,2.0,12,6.416859725371532,1.0,0.0,0.0,1.0,0.0,0.0,1.0,0.0,0.0
17.3,12.5,24.2,1.0,10.0,3.4339872044851463,2.0,12,6.413560591346691,1.0,0.0,0.0,1.0,0.0,0.0,1.0,0.0,0.0
17.3,12.5,24.2,1.0,10.0,3.4339872044851463,2.0,12,6.418400824362361,1.0,0.0,0.0,1.0,0.0,0.0,1.0,0.0,0.0
17.3,12.5,24.2,1.0,10.0,3.4339872044851463,2.0,12,6.463148014635015,1.0,0.0,0.0,1.0,0.0,0.0,1.0,0.0,0.0
17.3,12.5,24.2,1.0,10.0,3.4339872044851463,2.0,12,6.369942077874225,1.0,0.0,0.0,1.0,0.0,0.0,1.0,0.0,0.0
17.3,12.5,24.2,1.0,10.0,3.4339872044851463,2.0,12,6.272582623597118,1.0,0.0,0.0,1.0,0.0,0.0,1.0,0.0,0.0
17.3,12.5,24.2,1.0,10.0,3.4339872044851463,2.0,12,6.612339377421289,1.0,0.0,0.0,1.0,0.0,0.0,1.0,0.0,0.0
17.3,12.5,24.2,1.0,10.0,3.4339872044851463,2.0,12,6.631011827741576,1.0,0.0,0.0,1.0,0.0,0.0,1.0,0.0,0.0
17.3,12.5,24.2,1.0,10.0,3.4339872044851463,2.0,12,6.6673422143278485,1.0,0.0,0.0,1.0,0.0,0.0,1.0,0.0,0.0
17.3,12.5,24.2,1.0,10.0,3.4339872044851463,2.0,12,6.668597938650421,1.0,0.0,0.0,1.0,0.0,0.0,1.0,0.0,0.0
17.3,12.5,24.2,1.0,10.0,3.4339872044851463,2.0,12,6.686257872028541,1.0,0.0,0.0,1.0,0.0,0.0,1.0,0.0,0.0
17.3,12.5,24.2,1.0,10.0,3.4339872044851463,3.0,12,7.066399561721716,1.0,0.0,0.0,1.0,0.0,0.0,1.0,0.0,0.0
17.3,12.5,24.2,1.0,10.0,3.4339872044851463,2.0,12,6.720668787898316,1.0,0.0,0.0,1.0,0.0,0.0,1.0,0.0,0.0
17.3,12.5,24.2,1.0,10.0,3.4339872044851463,3.0,12,7.101677619064544,1.0,0.0,0.0,1.0,0.0,0.0,1.0,0.0,0.0
17.3,12.5,24.2,1.0,10.0,3.4339872044851463,4.0,12,7.428797732740711,1.0,0.0,0.0,1.0,0.0,0.0,1.0,0.0,0.0
17.3,12.5,24.2,1.0,10.0,3.4339872044851463,2.0,14,6.26893718014087,1.0,0.0,0.0,1.0,0.0,0.0,1.0,0.0,0.0
17.3,12.5,24.2,1.0,10.0,3.4339872044851463,2.0,14,6.320714335960329,1.0,0.0,0.0,1.0,0.0,0.0,1.0,0.0,0.0
17.3,12.5,24.2,1.0,10.0,3.4339872044851463,2.0,14,6.369942077874225,1.0,0.0,0.0,1.0,0.0,0.0,1.0,0.0,0.0
17.3,12.5,24.2,1.0,10.0,3.4339872044851463,2.0,14,6.416859725371532,1.0,0.0,0.0,1.0,0.0,0.0,1.0,0.0,0.0
17.3,12.5,24.2,1.0,10.0,3.4339872044851463,2.0,14,6.46167440508711,1.0,0.0,0.0,1.0,0.0,0.0,1.0,0.0,0.0
17.3,12.5,24.2,1.0,10.0,3.4339872044851463,2.0,14,6.4585200849996856,1.0,0.0,0.0,1.0,0.0,0.0,1.0,0.0,0.0
17.3,12.5,24.2,1.0,10.0,3.4339872044851463,2.0,14,6.463148014635016,1.0,0.0,0.0,1.0,0.0,0.0,1.0,0.0,0.0
17.3,12.5,24.2,1.0,10.0,3.4339872044851463,2.0,14,6.505978361130984,1.0,0.0,0.0,1.0,0.0,0.0,1.0,0.0,0.0
17.3,12.5,24.2,1.0,10.0,3.4339872044851463,2.0,14,6.416859725371532,1.0,0.0,0.0,1.0,0.0,0.0,1.0,0.0,0.0
17.3,12.5,24.2,1.0,10.0,3.4339872044851463,2.0,14,6.3241761499732165,1.0,0.0,0.0,1.0,0.0,0.0,1.0,0.0,0.0
17.3,12.5,24.2,1.0,10.0,3.4339872044851463,2.0,14,6.685024142613191,1.0,0.0,0.0,1.0,0.0,0.0,1.0,0.0,0.0
17.3,12.5,24.2,1.0,10.0,3.4339872044851463,2.0,14,6.702398844795236,1.0,0.0,0.0,1.0,0.0,0.0,1.0,0.0,0.0
17.3,12.5,24.2,1.0,10.0,3.4339872044851463,2.0,14,6.736268018664235,1.0,0.0,0.0,1.0,0.0,0.0,1.0,0.0,0.0
17.3,12.5,24.2,1.0,10.0,3.4339872044851463,2.0,14,6.737440155634734,1.0,0.0,0.0,1.0,0.0,0.0,1.0,0.0,0.0
17.3,12.5,24.2,1.0,10.0,3.4339872044851463,2.0,14,6.753934877940168,1.0,0.0,0.0,1.0,0.0,0.0,1.0,0.0,0.0
17.3,12.5,24.2,1.0,10.0,3.4339872044851463,3.0,14,7.135753427647319,1.0,0.0,0.0,1.0,0.0,0.0,1.0,0.0,0.0
17.3,12.5,24.2,1.0,10.0,3.4339872044851463,2.0,14,6.786129870858274,1.0,0.0,0.0,1.0,0.0,0.0,1.0,0.0,0.0
17.3,12.5,24.2,1.0,10.0,3.4339872044851463,3.0,14,7.168706237510813,1.0,0.0,0.0,1.0,0.0,0.0,1.0,0.0,0.0
17.3,12.5,24.2,1.0,10.0,3.4339872044851463,4.0,14,7.493316135275779,1.0,0.0,0.0,1.0,0.0,0.0,1.0,0.0,0.0
17.3,12.5,24.2,1.0,10.0,3.4339872044851463,2.0,16,6.320714335960328,1.0,0.0,0.0,1.0,0.0,0.0,1.0,0.0,0.0
17.3,12.5,24.2,1.0,10.0,3.4339872044851463,2.0,16,6.369942077874225,1.0,0.0,0.0,1.0,0.0,0.0,1.0,0.0,0.0
17.3,12.5,24.2,1.0,10.0,3.4339872044851463,2.0,16,6.416859725371532,1.0,0.0,0.0,1.0,0.0,0.0,1.0,0.0,0.0
17.3,12.5,24.2,1.0,10.0,3.4339872044851463,2.0,16,6.46167440508711,1.0,0.0,0.0,1.0,0.0,0.0,1.0,0.0,0.0
17.3,12.5,24.2,1.0,10.0,3.4339872044851463,2.0,16,6.504566577892328,1.0,0.0,0.0,1.0,0.0,0.0,1.0,0.0,0.0
17.3,12.5,24.2,1.0,10.0,3.4339872044851463,2.0,16,6.501544893223564,1.0,0.0,0.0,1.0,0.0,0.0,1.0,0.0,0.0
17.3,12.5,24.2,1.0,10.0,3.4339872044851463,2.0,16,6.505978361130984,1.0,0.0,0.0,1.0,0.0,0.0,1.0,0.0,0.0
17.3,12.5,24.2,1.0,10.0,3.4339872044851463,2.0,16,6.5470493644439225,1.0,0.0,0.0,1.0,0.0,0.0,1.0,0.0,0.0
17.3,12.5,24.2,1.0,10.0,3.4339872044851463,2.0,16,6.46167440508711,1.0,0.0,0.0,1.0,0.0,0.0,1.0,0.0,0.0
17.3,12.5,24.2,1.0,10.0,3.4339872044851463,2.0,16,6.373237874959304,1.0,0.0,0.0,1.0,0.0,0.0,1.0,0.0,0.0
17.3,12.5,24.2,1.0,10.0,3.4339872044851463,2.0,16,6.752781927520012,1.0,0.0,0.0,1.0,0.0,0.0,1.0,0.0,0.0
17.3,12.5,24.2,1.0,10.0,3.4339872044851463,2.0,16,6.769027551622215,1.0,0.0,0.0,1.0,0.0,0.0,1.0,0.0,0.0
17.3,12.5,24.2,1.0,10.0,3.4339872044851463,2.0,16,6.800747852355068,1.0,0.0,0.0,1.0,0.0,0.0,1.0,0.0,0.0
17.3,12.5,24.2,1.0,10.0,3.4339872044851463,2.0,16,6.801846835461474,1.0,0.0,0.0,1.0,0.0,0.0,1.0,0.0,0.0
17.3,12.5,24.2,1.0,10.0,3.4339872044851463,2.0,16,6.817320594610927,1.0,0.0,0.0,1.0,0.0,0.0,1.0,0.0,0.0
17.3,12.5,24.2,1.0,10.0,3.4339872044851463,3.0,16,7.20060771205342,1.0,0.0,0.0,1.0,0.0,0.0,1.0,0.0,0.0
17.3,12.5,24.2,1.0,10.0,3.4339872044851463,2.0,16,6.8475678115997765,1.0,0.0,0.0,1.0,0.0,0.0,1.0,0.0,0.0
17.3,12.5,24.2,1.0,10.0,3.4339872044851463,3.0,16,7.231522866524411,1.0,0.0,0.0,1.0,0.0,0.0,1.0,0.0,0.0
17.3,12.5,24.2,1.0,10.0,3.4339872044851463,4.0,16,7.553923005047985,1.0,0.0,0.0,1.0,0.0,0.0,1.0,0.0,0.0
40.0,10.164751344086024,19.559226690805648,1.1343862500000004,10.0,3.4339872044851463,2.0,6,5.715391495129448,1.0,0.0,0.0,1.0,0.0,0.0,1.0,0.0,0.0
40.0,12.050100806451615,23.187055476529174,1.3447912500000003,10.0,3.4339872044851463,2.0,8,5.885022891673553,1.0,0.0,0.0,1.0,0.0,0.0,1.0,0.0,0.0
40.0,13.935450268817217,26.81488426225271,1.5551962500000014,10.0,3.4339872044851463,2.0,10,6.030009551252111,1.0,0.0,0.0,1.0,0.0,0.0,1.0,0.0,0.0
40.0,15.820799731182811,30.44271304797624,1.7656012500000016,10.0,3.4339872044851463,2.0,12,6.156612392974967,1.0,0.0,0.0,1.0,0.0,0.0,1.0,0.0,0.0
40.0,17.706149193548406,34.070541833699764,1.976006250000002,10.0,3.4339872044851463,2.0,14,6.268973170067484,1.0,0.0,0.0,1.0,0.0,0.0,1.0,0.0,0.0
40.0,16.760517473118295,32.25093754041126,1.8704737500000015,10.0,3.4339872044851463,2.0,6,6.214194012700532,1.0,0.0,0.0,1.0,0.0,0.0,1.0,0.0,0.0
40.0,18.645866935483888,35.87876632613478,2.0808787500000014,10.0,3.4339872044851463,2.0,8,6.320590220842498,1.0,0.0,0.0,1.0,0.0,0.0,1.0,0.0,0.0
40.0,20.531216397849462,39.506595111858275,2.2912837500000003,10.0,3.4339872044851463,2.0,10,6.416746988286548,1.0,0.0,0.0,1.0,0.0,0.0,1.0,0.0,0.0
37.0933434465019,20.78763440860215,40.0,2.3198999999999996,10.0,3.4339872044851463,2.0,12,6.504463307900326,1.0,0.0,0.0,1.0,0.0,0.0,1.0,0.0,0.0
34.215631373362385,20.787634408602152,40.0,2.3198999999999996,10.0,3.4339872044851463,2.0,14,6.585102117586303,1.0,0.0,0.0,1.0,0.0,0.0,1.0,0.0,0.0
40.0,18.64586693548388,35.878766326134766,2.080878750000001,10.0,3.4339872044851463,2.0,8,6.320590220842498,1.0,0.0,0.0,1.0,0.0,0.0,1.0,0.0,0.0
40.0,20.531216397849462,39.506595111858275,2.2912837500000003,10.0,3.4339872044851463,2.0,8,6.416746988286548,1.0,0.0,0.0,1.0,0.0,0.0,1.0,0.0,0.0
37.09334344650188,20.78763440860215,40.0,2.3198999999999996,10.0,3.4339872044851463,2.0,10,6.504463307900327,1.0,0.0,0.0,1.0,0.0,0.0,1.0,0.0,0.0
34.21563137336238,20.787634408602152,40.0,2.3198999999999996,10.0,3.4339872044851463,2.0,12,6.585102117586303,1.0,0.0,0.0,1.0,0.0,0.0,1.0,0.0,0.0
31.75228047574017,20.787634408602152,40.0,2.3199,10.0,3.4339872044851463,2.0,14,6.659720751654833,1.0,0.0,0.0,1.0,0.0,0.0,1.0,0.0,0.0
40.0,20.53121639784947,39.50659511185828,2.2912837500000007,10.0,3.4339872044851463,2.0,10,6.416746988286548,1.0,0.0,0.0,1.0,0.0,0.0,1.0,0.0,0.0
37.09334344650188,20.78763440860215,40.0,2.3198999999999996,10.0,3.4339872044851463,2.0,10,6.504463307900327,1.0,0.0,0.0,1.0,0.0,0.0,1.0,0.0,0.0
34.21563137336238,20.787634408602152,40.0,2.3198999999999996,10.0,3.4339872044851463,2.0,10,6.585102117586303,1.0,0.0,0.0,1.0,0.0,0.0,1.0,0.0,0.0
31.75228047574017,20.787634408602152,40.0,2.3199,10.0,3.4339872044851463,2.0,12,6.659720751654833,1.0,0.0,0.0,1.0,0.0,0.0,1.0,0.0,0.0
29.619805587707592,20.78763440860215,40.0,2.3198999999999996,10.0,3.4339872044851463,2.0,14,6.729155985960899,1.0,0.0,0.0,1.0,0.0,0.0,1.0,0.0,0.0
37.09334344650188,20.78763440860215,40.0,2.3198999999999996,10.0,3.4339872044851463,2.0,12,6.504463307900327,1.0,0.0,0.0,1.0,0.0,0.0,1.0,0.0,0.0
34.21563137336238,20.787634408602152,40.0,2.3198999999999996,10.0,3.4339872044851463,2.0,12,6.585102117586303,1.0,0.0,0.0,1.0,0.0,0.0,1.0,0.0,0.0
31.75228047574017,20.787634408602152,40.0,2.3199,10.0,3.4339872044851463,2.0,12,6.659720751654833,1.0,0.0,0.0,1.0,0.0,0.0,1.0,0.0,0.0
29.619805587707592,20.78763440860215,40.0,2.3198999999999996,10.0,3.4339872044851463,2.0,12,6.729155985960899,1.0,0.0,0.0,1.0,0.0,0.0,1.0,0.0,0.0
27.75573748610567,20.787634408602152,40.0,2.3199,10.0,3.4339872044851463,2.0,14,6.79408141410752,1.0,0.0,0.0,1.0,0.0,0.0,1.0,0.0,0.0
34.21563137336238,20.787634408602152,40.0,2.3198999999999996,10.0,3.4339872044851463,2.0,14,6.585102117586303,1.0,0.0,0.0,1.0,0.0,0.0,1.0,0.0,0.0
31.75228047574017,20.787634408602152,40.0,2.3199,10.0,3.4339872044851463,2.0,14,6.659720751654833,1.0,0.0,0.0,1.0,0.0,0.0,1.0,0.0,0.0
29.619805587707592,20.78763440860215,40.0,2.3198999999999996,10.0,3.4339872044851463,2.0,14,6.729155985960899,1.0,0.0,0.0,1.0,0.0,0.0,1.0,0.0,0.0
27.75573748610567,20.787634408602152,40.0,2.3199,10.0,3.4339872044851463,2.0,14,6.79408141410752,1.0,0.0,0.0,1.0,0.0,0.0,1.0,0.0,0.0
26.11240142794284,20.78763440860215,40.0,2.3198999999999996,10.0,3.4339872044851463,2.0,14,6.855047300189785,1.0,0.0,0.0,1.0,0.0,0.0,1.0,0.0,0.0
50.0,10.0,38.5,1.5,10.0,3.4339872044851463,2.0,19,6.466315782701154,0.0,1.0,0.0,1.0,0.0,0.0,1.0,0.0,0.0
40.0,10.164751344086024,19.559226690805648,1.1343862500000004,10.0,4.61512051684126,2.0,6,5.715391495129448,1.0,0.0,0.0,1.0,0.0,0.0,1.0,0.0,0.0
40.0,12.050100806451615,23.187055476529174,1.3447912500000003,10.0,4.61512051684126,2.0,8,5.885022891673553,1.0,0.0,0.0,1.0,0.0,0.0,1.0,0.0,0.0
40.0,13.935450268817217,26.81488426225271,1.5551962500000014,10.0,4.61512051684126,2.0,10,6.030009551252111,1.0,0.0,0.0,1.0,0.0,0.0,1.0,0.0,0.0
40.0,15.820799731182811,30.44271304797624,1.7656012500000016,10.0,4.61512051684126,2.0,12,6.156612392974967,1.0,0.0,0.0,1.0,0.0,0.0,1.0,0.0,0.0
40.0,17.706149193548406,34.070541833699764,1.976006250000002,10.0,4.61512051684126,2.0,14,6.268973170067484,1.0,0.0,0.0,1.0,0.0,0.0,1.0,0.0,0.0
40.0,16.760517473118295,32.25093754041126,1.8704737500000015,10.0,4.61512051684126,2.0,6,6.214194012700532,1.0,0.0,0.0,1.0,0.0,0.0,1.0,0.0,0.0
40.0,18.645866935483888,35.87876632613478,2.0808787500000014,10.0,4.61512051684126,2.0,8,6.320590220842498,1.0,0.0,0.0,1.0,0.0,0.0,1.0,0.0,0.0
40.0,20.531216397849462,39.506595111858275,2.2912837500000003,10.0,4.61512051684126,2.0,10,6.416746988286548,1.0,0.0,0.0,1.0,0.0,0.0,1.0,0.0,0.0
37.0933434465019,20.78763440860215,40.0,2.3198999999999996,10.0,4.61512051684126,2.0,12,6.504463307900326,1.0,0.0,0.0,1.0,0.0,0.0,1.0,0.0,0.0
34.215631373362385,20.787634408602152,40.0,2.3198999999999996,10.0,4.61512051684126,2.0,14,6.585102117586303,1.0,0.0,0.0,1.0,0.0,0.0,1.0,0.0,0.0
40.0,18.64586693548388,35.878766326134766,2.080878750000001,10.0,4.61512051684126,2.0,8,6.320590220842498,1.0,0.0,0.0,1.0,0.0,0.0,1.0,0.0,0.0
40.0,20.531216397849462,39.506595111858275,2.2912837500000003,10.0,4.61512051684126,2.0,8,6.416746988286548,1.0,0.0,0.0,1.0,0.0,0.0,1.0,0.0,0.0
37.09334344650188,20.78763440860215,40.0,2.3198999999999996,10.0,4.61512051684126,2.0,10,6.504463307900327,1.0,0.0,0.0,1.0,0.0,0.0,1.0,0.0,0.0
34.21563137336238,20.787634408602152,40.0,2.3198999999999996,10.0,4.61512051684126,2.0,12,6.585102117586303,1.0,0.0,0.0,1.0,0.0,0.0,1.0,0.0,0.0
31.75228047574017,20.787634408602152,40.0,2.3199,10.0,4.61512051684126,2.0,14,6.659720751654833,1.0,0.0,0.0,1.0,0.0,0.0,1.0,0.0,0.0
40.0,20.53121639784947,39.50659511185828,2.2912837500000007,10.0,4.61512051684126,2.0,10,6.416746988286548,1.0,0.0,0.0,1.0,0.0,0.0,1.0,0.0,0.0
37.09334344650188,20.78763440860215,40.0,2.3198999999999996,10.0,4.61512051684126,2.0,10,6.504463307900327,1.0,0.0,0.0,1.0,0.0,0.0,1.0,0.0,0.0
34.21563137336238,20.787634408602152,40.0,2.3198999999999996,10.0,4.61512051684126,2.0,10,6.585102117586303,1.0,0.0,0.0,1.0,0.0,0.0,1.0,0.0,0.0
31.75228047574017,20.787634408602152,40.0,2.3199,10.0,4.61512051684126,2.0,12,6.659720751654833,1.0,0.0,0.0,1.0,0.0,0.0,1.0,0.0,0.0
29.619805587707592,20.78763440860215,40.0,2.3198999999999996,10.0,4.61512051684126,2.0,14,6.729155985960899,1.0,0.0,0.0,1.0,0.0,0.0,1.0,0.0,0.0
37.09334344650188,20.78763440860215,40.0,2.3198999999999996,10.0,4.61512051684126,2.0,12,6.504463307900327,1.0,0.0,0.0,1.0,0.0,0.0,1.0,0.0,0.0
34.21563137336238,20.787634408602152,40.0,2.3198999999999996,10.0,4.61512051684126,2.0,12,6.585102117586303,1.0,0.0,0.0,1.0,0.0,0.0,1.0,0.0,0.0
31.75228047574017,20.787634408602152,40.0,2.3199,10.0,4.61512051684126,2.0,12,6.659720751654833,1.0,0.0,0.0,1.0,0.0,0.0,1.0,0.0,0.0
29.619805587707592,20.78763440860215,40.0,2.3198999999999996,10.0,4.61512051684126,2.0,12,6.729155985960899,1.0,0.0,0.0,1.0,0.0,0.0,1.0,0.0,0.0
27.75573748610567,20.787634408602152,40.0,2.3199,10.0,4.61512051684126,2.0,14,6.79408141410752,1.0,0.0,0.0,1.0,0.0,0.0,1.0,0.0,0.0
34.21563137336238,20.787634408602152,40.0,2.3198999999999996,10.0,4.61512051684126,2.0,14,6.585102117586303,1.0,0.0,0.0,1.0,0.0,0.0,1.0,0.0,0.0
31.75228047574017,20.787634408602152,40.0,2.3199,10.0,4.61512051684126,2.0,14,6.659720751654833,1.0,0.0,0.0,1.0,0.0,0.0,1.0,0.0,0.0
29.619805587707592,20.78763440860215,40.0,2.3198999999999996,10.0,4.61512051684126,2.0,14,6.729155985960899,1.0,0.0,0.0,1.0,0.0,0.0,1.0,0.0,0.0
27.75573748610567,20.787634408602152,40.0,2.3199,10.0,4.61512051684126,2.0,14,6.79408141410752,1.0,0.0,0.0,1.0,0.0,0.0,1.0,0.0,0.0
26.11240142794284,20.78763440860215,40.0,2.3198999999999996,10.0,4.61512051684126,2.0,14,6.855047300189785,1.0,0.0,0.0,1.0,0.0,0.0,1.0,0.0,0.0
50.0,10.0,38.5,1.5,10.0,4.61512051684126,2.0,19,6.466315782701154,0.0,1.0,0.0,1.0,0.0,0.0,1.0,0.0,0.0
40.0,10.164751344086024,19.559226690805648,1.1343862500000004,10.0,5.993961427306569,2.0,6,5.715391495129448,1.0,0.0,0.0,1.0,0.0,0.0,1.0,0.0,0.0
40.0,12.050100806451615,23.187055476529174,1.3447912500000003,10.0,5.993961427306569,2.0,8,5.885022891673553,1.0,0.0,0.0,1.0,0.0,0.0,1.0,0.0,0.0
40.0,13.935450268817217,26.81488426225271,1.5551962500000014,10.0,5.993961427306569,2.0,10,6.030009551252111,1.0,0.0,0.0,1.0,0.0,0.0,1.0,0.0,0.0
40.0,15.820799731182811,30.44271304797624,1.7656012500000016,10.0,5.993961427306569,2.0,12,6.156612392974967,1.0,0.0,0.0,1.0,0.0,0.0,1.0,0.0,0.0
40.0,17.706149193548406,34.070541833699764,1.976006250000002,10.0,5.993961427306569,2.0,14,6.268973170067484,1.0,0.0,0.0,1.0,0.0,0.0,1.0,0.0,0.0
40.0,16.760517473118295,32.25093754041126,1.8704737500000015,10.0,5.993961427306569,2.0,6,6.214194012700532,1.0,0.0,0.0,1.0,0.0,0.0,1.0,0.0,0.0
40.0,18.645866935483888,35.87876632613478,2.0808787500000014,10.0,5.993961427306569,2.0,8,6.320590220842498,1.0,0.0,0.0,1.0,0.0,0.0,1.0,0.0,0.0
40.0,20.531216397849462,39.506595111858275,2.2912837500000003,10.0,5.993961427306569,2.0,10,6.416746988286548,1.0,0.0,0.0,1.0,0.0,0.0,1.0,0.0,0.0
37.0933434465019,20.78763440860215,40.0,2.3198999999999996,10.0,5.993961427306569,2.0,12,6.504463307900326,1.0,0.0,0.0,1.0,0.0,0.0,1.0,0.0,0.0
34.215631373362385,20.787634408602152,40.0,2.3198999999999996,10.0,5.993961427306569,2.0,14,6.585102117586303,1.0,0.0,0.0,1.0,0.0,0.0,1.0,0.0,0.0
40.0,18.64586693548388,35.878766326134766,2.080878750000001,10.0,5.993961427306569,2.0,8,6.320590220842498,1.0,0.0,0.0,1.0,0.0,0.0,1.0,0.0,0.0
40.0,20.531216397849462,39.506595111858275,2.2912837500000003,10.0,5.993961427306569,2.0,8,6.416746988286548,1.0,0.0,0.0,1.0,0.0,0.0,1.0,0.0,0.0
37.09334344650188,20.78763440860215,40.0,2.3198999999999996,10.0,5.993961427306569,2.0,10,6.504463307900327,1.0,0.0,0.0,1.0,0.0,0.0,1.0,0.0,0.0
34.21563137336238,20.787634408602152,40.0,2.3198999999999996,10.0,5.993961427306569,2.0,12,6.585102117586303,1.0,0.0,0.0,1.0,0.0,0.0,1.0,0.0,0.0
31.75228047574017,20.787634408602152,40.0,2.3199,10.0,5.993961427306569,2.0,14,6.659720751654833,1.0,0.0,0.0,1.0,0.0,0.0,1.0,0.0,0.0
40.0,20.53121639784947,39.50659511185828,2.2912837500000007,10.0,5.993961427306569,2.0,10,6.416746988286548,1.0,0.0,0.0,1.0,0.0,0.0,1.0,0.0,0.0
37.09334344650188,20.78763440860215,40.0,2.3198999999999996,10.0,5.993961427306569,2.0,10,6.504463307900327,1.0,0.0,0.0,1.0,0.0,0.0,1.0,0.0,0.0
34.21563137336238,20.787634408602152,40.0,2.3198999999999996,10.0,5.993961427306569,2.0,10,6.585102117586303,1.0,0.0,0.0,1.0,0.0,0.0,1.0,0.0,0.0
31.75228047574017,20.787634408602152,40.0,2.3199,10.0,5.993961427306569,2.0,12,6.659720751654833,1.0,0.0,0.0,1.0,0.0,0.0,1.0,0.0,0.0
29.619805587707592,20.78763440860215,40.0,2.3198999999999996,10.0,5.993961427306569,2.0,14,6.729155985960899,1.0,0.0,0.0,1.0,0.0,0.0,1.0,0.0,0.0
37.09334344650188,20.78763440860215,40.0,2.3198999999999996,10.0,5.993961427306569,2.0,12,6.504463307900327,1.0,0.0,0.0,1.0,0.0,0.0,1.0,0.0,0.0
34.21563137336238,20.787634408602152,40.0,2.3198999999999996,10.0,5.993961427306569,2.0,12,6.585102117586303,1.0,0.0,0.0,1.0,0.0,0.0,1.0,0.0,0.0
31.75228047574017,20.787634408602152,40.0,2.3199,10.0,5.993961427306569,2.0,12,6.659720751654833,1.0,0.0,0.0,1.0,0.0,0.0,1.0,0.0,0.0
29.619805587707592,20.78763440860215,40.0,2.3198999999999996,10.0,5.993961427306569,2.0,12,6.729155985960899,1.0,0.0,0.0,1.0,0.0,0.0,1.0,0.0,0.0
27.75573748610567,20.787634408602152,40.0,2.3199,10.0,5.993961427306569,2.0,14,6.79408141410752,1.0,0.0,0.0,1.0,0.0,0.0,1.0,0.0,0.0
34.21563137336238,20.787634408602152,40.0,2.3198999999999996,10.0,5.993961427306569,2.0,14,6.585102117586303,1.0,0.0,0.0,1.0,0.0,0.0,1.0,0.0,0.0
31.75228047574017,20.787634408602152,40.0,2.3199,10.0,5.993961427306569,2.0,14,6.659720751654833,1.0,0.0,0.0,1.0,0.0,0.0,1.0,0.0,0.0
29.619805587707592,20.78763440860215,40.0,2.3198999999999996,10.0,5.993961427306569,2.0,14,6.729155985960899,1.0,0.0,0.0,1.0,0.0,0.0,1.0,0.0,0.0
27.75573748610567,20.787634408602152,40.0,2.3199,10.0,5.993961427306569,2.0,14,6.79408141410752,1.0,0.0,0.0,1.0,0.0,0.0,1.0,0.0,0.0
26.11240142794284,20.78763440860215,40.0,2.3198999999999996,10.0,5.993961427306569,2.0,14,6.855047300189785,1.0,0.0,0.0,1.0,0.0,0.0,1.0,0.0,0.0
50.0,10.0,38.5,1.5,10.0,5.993961427306569,2.0,19,6.466315782701154,0.0,1.0,0.0,1.0,0.0,0.0,1.0,0.0,0.0
40.0,14.37083333333334,27.652657442131144,1.2830280000000005,10.0,3.4339872044851463,2.0,12,6.060701388831776,1.0,0.0,0.0,1.0,0.0,0.0,1.0,0.0,0.0
40.0,17.063373655913992,32.8336997284366,1.523418000000001,10.0,3.4339872044851463,2.0,13,6.232066804409213,1.0,0.0,0.0,1.0,0.0,0.0,1.0,0.0,0.0
40.0,12.956821236559149,24.931785852838495,1.1567850000000004,10.0,3.4339872044851463,2.0,10,5.95737763342624,1.0,0.0,0.0,1.0,0.0,0.0,1.0,0.0,0.0
40.0,14.84217069892474,28.559614638562024,1.3251090000000008,10.0,3.4339872044851463,2.0,12,6.092899116313283,1.0,0.0,0.0,1.0,0.0,0.0,1.0,0.0,0.0
40.0,17.534711021505387,33.74065692486748,1.5654990000000009,10.0,3.4339872044851463,2.0,13,6.259262101410619,1.0,0.0,0.0,1.0,0.0,0.0,1.0,0.0,0.0
40.0,13.96575940860216,26.873205741626812,1.2468630000000005,10.0,3.4339872044851463,2.0,10,6.0321769356217185,1.0,0.0,0.0,1.0,0.0,0.0,1.0,0.0,0.0
40.0,18.543649193548397,35.68207681365578,1.6555770000000003,10.0,3.4339872044851463,2.0,13,6.315102996135999,1.0,0.0,0.0,1.0,0.0,0.0,1.0,0.0,0.0
40.0,13.49442204301076,25.96624854519593,1.204782000000001,10.0,3.4339872044851463,2.0,10,5.997928609964982,1.0,0.0,0.0,1.0,0.0,0.0,1.0,0.0,0.0
40.0,15.379771505376354,29.59407733091946,1.3731060000000008,10.0,3.4339872044851463,2.0,12,6.128400761741867,1.0,0.0,0.0,1.0,0.0,0.0,1.0,0.0,0.0
40.0,18.072311827957,34.7751196172249,1.6134960000000005,10.0,3.4339872044851463,2.0,13,6.289403834012411,1.0,0.0,0.0,1.0,0.0,0.0,1.0,0.0,0.0
40.0,19.14909274193549,36.84708392603131,1.7096310000000003,10.0,3.4339872044851463,2.0,13,6.34717377489294,1.0,0.0,0.0,1.0,0.0,0.0,1.0,0.0,0.0
40.0,15.312029569892484,29.46372688477954,1.3670580000000008,10.0,3.4339872044851463,2.0,10,6.123996065024352,1.0,0.0,0.0,1.0,0.0,0.0,1.0,0.0,0.0
40.0,17.197379032258084,33.09155567050307,1.5353820000000011,10.0,3.4339872044851463,2.0,12,6.239874205069992,1.0,0.0,0.0,1.0,0.0,0.0,1.0,0.0,0.0
40.0,19.88991935483871,38.27259795680849,1.775772,10.0,3.4339872044851463,2.0,13,6.385066228895587,1.0,0.0,0.0,1.0,0.0,0.0,1.0,0.0,0.0
40.0,19.01350806451614,36.5861890598733,1.6975260000000008,10.0,3.4339872044851463,2.0,13,6.340080605282956,1.0,0.0,0.0,1.0,0.0,0.0,1.0,0.0,0.0
40.0,14.404032258064523,27.71653950601321,1.2859920000000005,10.0,3.4339872044851463,2.0,10,6.063003507890298,1.0,0.0,0.0,1.0,0.0,0.0,1.0,0.0,0.0
40.0,16.289381720430118,31.344368291736735,1.4543160000000008,10.0,3.4339872044851463,2.0,12,6.185739378019395,1.0,0.0,0.0,1.0,0.0,0.0,1.0,0.0,0.0
40.0,18.98192204301076,36.52541057804218,1.6947060000000005,10.0,3.4339872044851463,2.0,13,6.3384209183355535,1.0,0.0,0.0,1.0,0.0,0.0,1.0,0.0,0.0
40.0,16.760719086021517,32.25132548816762,1.4963970000000009,10.0,3.4339872044851463,2.0,12,6.214206017598531,1.0,0.0,0.0,1.0,0.0,0.0,1.0,0.0,0.0
40.0,19.45325940860216,37.432367774473065,1.7367870000000007,10.0,3.4339872044851463,2.0,13,6.3629056822541825,1.0,0.0,0.0,1.0,0.0,0.0,1.0,0.0,0.0
40.0,15.346706989247323,29.530453898874978,1.3701540000000008,10.0,3.4339872044851463,2.0,10,6.126253273956442,1.0,0.0,0.0,1.0,0.0,0.0,1.0,0.0,0.0
40.0,17.23205645161292,33.158282684598504,1.5384780000000011,10.0,3.4339872044851463,2.0,12,6.241884686743084,1.0,0.0,0.0,1.0,0.0,0.0,1.0,0.0,0.0
40.0,19.924596774193557,38.33932497090394,1.7788680000000006,10.0,3.4339872044851463,2.0,13,6.386805242544952,1.0,0.0,0.0,1.0,0.0,0.0,1.0,0.0,0.0
40.0,15.818044354838722,30.437411095305865,1.4122350000000012,10.0,3.4339872044851463,2.0,10,6.156438585358364,1.0,0.0,0.0,1.0,0.0,0.0,1.0,0.0,0.0
40.0,17.70339381720432,34.06523988102939,1.5805590000000014,10.0,3.4339872044851463,2.0,12,6.268817835852348,1.0,0.0,0.0,1.0,0.0,0.0,1.0,0.0,0.0
40.0,20.39593413978495,39.24628216733482,1.8209490000000004,10.0,3.4339872044851463,2.0,13,6.410146921048948,1.0,0.0,0.0,1.0,0.0,0.0,1.0,0.0,0.0
40.0,19.856854838709683,38.20897452476401,1.7728200000000005,10.0,3.4339872044851463,2.0,13,6.38340527839626,1.0,0.0,0.0,1.0,0.0,0.0,1.0,0.0,0.0
40.0,20.32819220430108,39.11593172119489,1.814901,10.0,3.4339872044851463,2.0,13,6.4068255291410185,1.0,0.0,0.0,1.0,0.0,0.0,1.0,0.0,0.0
40.0,15.64801747311829,30.11024182076816,1.3970550000000006,10.0,3.4339872044851463,2.0,10,6.145654511877863,1.0,0.0,0.0,1.0,0.0,0.0,1.0,0.0,0.0
40.0,17.533366935483883,33.73807060649169,1.5653790000000012,10.0,3.4339872044851463,2.0,12,6.25918559221896,1.0,0.0,0.0,1.0,0.0,0.0,1.0,0.0,0.0
40.0,20.225907258064524,38.91911289279712,1.8057690000000004,10.0,3.4339872044851463,2.0,13,6.401789493714465,1.0,0.0,0.0,1.0,0.0,0.0,1.0,0.0,0.0
40.0,15.816565860215071,30.434566145092493,1.4121030000000012,10.0,3.4339872044851463,2.0,10,6.15634531027949,1.0,0.0,0.0,1.0,0.0,0.0,1.0,0.0,0.0
40.0,20.394455645161297,39.243437217121446,1.8208170000000004,10.0,3.4339872044851463,2.0,13,6.410074547985514,1.0,0.0,0.0,1.0,0.0,0.0,1.0,0.0,0.0
40.0,20.32819220430108,39.11593172119489,1.814901,10.0,3.4339872044851463,2.0,13,6.4068255291410185,1.0,0.0,0.0,1.0,0.0,0.0,1.0,0.0,0.0
40.0,16.254838709677433,31.277899909478887,1.451232000000001,10.0,3.4339872044851463,2.0,10,6.183620916531978,1.0,0.0,0.0,1.0,0.0,0.0,1.0,0.0,0.0
39.91341684113409,20.78763440860215,40.0,1.8559199999999996,10.0,3.4339872044851463,2.0,13,6.431302096006145,1.0,0.0,0.0,1.0,0.0,0.0,1.0,0.0,0.0
40.0,14.336290322580652,27.586189059873284,1.2799440000000004,10.0,3.4339872044851463,2.0,10,6.058300427294237,1.0,0.0,0.0,1.0,0.0,0.0,1.0,0.0,0.0
40.0,16.221639784946248,31.21401784559682,1.4482680000000012,10.0,3.4339872044851463,2.0,12,6.181580647367849,1.0,0.0,0.0,1.0,0.0,0.0,1.0,0.0,0.0
40.0,16.760719086021517,32.25132548816762,1.4963970000000009,10.0,3.4339872044851463,2.0,12,6.214206017598531,1.0,0.0,0.0,1.0,0.0,0.0,1.0,0.0,0.0
40.0,19.45325940860216,37.432367774473065,1.7367870000000007,10.0,3.4339872044851463,2.0,13,6.3629056822541825,1.0,0.0,0.0,1.0,0.0,0.0,1.0,0.0,0.0
40.0,15.346706989247318,29.530453898874967,1.3701540000000003,10.0,3.4339872044851463,2.0,10,6.126253273956442,1.0,0.0,0.0,1.0,0.0,0.0,1.0,0.0,0.0
40.0,17.23205645161292,33.158282684598504,1.5384780000000011,10.0,3.4339872044851463,2.0,12,6.241884686743084,1.0,0.0,0.0,1.0,0.0,0.0,1.0,0.0,0.0
40.0,19.92459677419356,38.339324970903945,1.778868000000001,10.0,3.4339872044851463,2.0,13,6.386805242544952,1.0,0.0,0.0,1.0,0.0,0.0,1.0,0.0,0.0
40.0,19.150604838709693,36.849993534204096,1.7097660000000012,10.0,3.4339872044851463,2.0,12,6.347252597873207,1.0,0.0,0.0,1.0,0.0,0.0,1.0,0.0,0.0
38.06710847747564,20.787634408602145,40.0,1.8559199999999996,10.0,3.4339872044851463,2.0,13,6.478589516130698,1.0,0.0,0.0,1.0,0.0,0.0,1.0,0.0,0.0
40.0,20.629368279569896,39.6954610112505,1.8417900000000005,10.0,3.4339872044851463,3.0,10,6.421508440190189,1.0,0.0,0.0,1.0,0.0,0.0,1.0,0.0,0.0
35.4474768368639,20.78763440860215,40.0,1.8559199999999996,10.0,3.4339872044851463,3.0,12,6.549782350168242,1.0,0.0,0.0,1.0,0.0,0.0,1.0,0.0,0.0
30.24073460778432,20.787634408602152,40.0,1.85592,10.0,3.4339872044851463,3.0,13,6.7084344498181725,1.0,0.0,0.0,1.0,0.0,0.0,1.0,0.0,0.0
33.389464594127794,20.787634408602145,40.0,1.8559199999999996,10.0,3.4339872044851463,4.0,10,6.609510955158677,1.0,0.0,0.0,1.0,0.0,0.0,1.0,0.0,0.0
28.99865937918945,20.78763440860215,40.0,1.8559199999999991,10.0,3.4339872044851463,4.0,12,6.750324559033267,1.0,0.0,0.0,1.0,0.0,0.0,1.0,0.0,0.0
24.413671719304354,20.78763440860215,40.0,1.85592,10.0,3.4339872044851463,4.0,13,6.922245782684447,1.0,0.0,0.0,1.0,0.0,0.0,1.0,0.0,0.0
32.769248901207305,20.787634408602145,40.0,1.8559199999999996,10.0,3.4339872044851463,4.0,10,6.628235801722107,1.0,0.0,0.0,1.0,0.0,0.0,1.0,0.0,0.0
28.529692873687267,20.78763440860215,40.0,1.8559199999999996,10.0,3.4339872044851463,4.0,12,6.766609830002923,1.0,0.0,0.0,1.0,0.0,0.0,1.0,0.0,0.0
24.08042638204868,20.78763440860215,40.0,1.85592,10.0,3.4339872044851463,4.0,13,6.93597629358081,1.0,0.0,0.0,1.0,0.0,0.0,1.0,0.0,0.0
22.461246326139023,20.787634408602145,40.0,1.8559199999999996,10.0,3.4339872044851463,4.0,13,7.005518810492923,1.0,0.0,0.0,1.0,0.0,0.0,1.0,0.0,0.0
31.001132525531936,20.78763440860215,40.0,1.8559199999999991,10.0,3.4339872044851463,4.0,10,6.683631247153966,1.0,0.0,0.0,1.0,0.0,0.0,1.0,0.0,0.0
27.18006396963201,20.78763440860215,40.0,1.85592,10.0,3.4339872044851463,4.0,12,6.815016989031932,1.0,0.0,0.0,1.0,0.0,0.0,1.0,0.0,0.0
23.111781913005817,20.78763440860215,40.0,1.85592,10.0,3.4339872044851463,4.0,13,6.976993986915499,1.0,0.0,0.0,1.0,0.0,0.0,1.0,0.0,0.0
26.367575009110436,20.787634408602152,40.0,1.85592,10.0,3.4339872044851463,4.0,12,6.845332917199116,1.0,0.0,0.0,1.0,0.0,0.0,1.0,0.0,0.0
22.521674709168465,20.78763440860215,40.0,1.8559199999999996,10.0,3.4339872044851463,4.0,13,7.002834523031943,1.0,0.0,0.0,1.0,0.0,0.0,1.0,0.0,0.0
21.208454035893674,20.787634408602152,40.0,1.85592,10.0,3.4339872044851463,6.0,10,7.062859789482538,1.0,0.0,0.0,1.0,0.0,0.0,1.0,0.0,0.0
18.534586069699447,20.787634408602145,40.0,1.8559199999999991,10.0,3.4339872044851463,6.0,12,7.1975131953782565,1.0,0.0,0.0,1.0,0.0,0.0,1.0,0.0,0.0
15.706565686698903,20.78763440860215,40.0,1.8559199999999996,10.0,3.4339872044851463,6.0,13,7.3629586730787295,1.0,0.0,0.0,1.0,0.0,0.0,1.0,0.0,0.0
28.076927440857784,20.78763440860215,40.0,1.85592,10.0,3.4339872044851463,4.0,10,6.782588802689242,1.0,0.0,0.0,1.0,0.0,0.0,1.0,0.0,0.0
21.446561266603467,20.787634408602145,40.0,1.8559199999999996,10.0,3.4339872044851463,4.0,13,7.0517049622564905,1.0,0.0,0.0,1.0,0.0,0.0,1.0,0.0,0.0
46.3,9.4,42.7,1.6,18.03775413846915,4.978814562961159,2.0,12,6.208262004496586,0.0,1.0,0.0,1.0,0.0,0.0,0.0,0.0,1.0
46.3,9.4,42.7,1.6,18.1162491771477,4.983127009570229,2.0,10,6.216168879769052,0.0,1.0,0.0,1.0,0.0,0.0,0.0,0.0,1.0
46.3,9.4,42.7,1.6,19.175103449968475,5.039551997678304,2.0,12,6.3223659382008695,0.0,1.0,0.0,1.0,0.0,0.0,0.0,0.0,1.0
46.3,9.4,42.7,1.6,20.13622057686398,5.08815028433543,2.0,14,6.418360041960125,0.0,1.0,0.0,1.0,0.0,0.0,0.0,0.0,1.0
46.3,9.4,42.7,1.6,21.011222072425294,5.130429796237752,2.0,12,6.505809470866658,0.0,1.0,0.0,1.0,0.0,0.0,0.0,0.0,1.0
46.3,9.4,42.7,1.6,27.15962610278927,5.3857649388262745,4.0,12,7.153025030514727,0.0,1.0,0.0,1.0,0.0,0.0,0.0,0.0,1.0
46.3,9.4,42.7,1.6,30.30030459066003,5.49471619170003,6.0,12,7.542698499308947,0.0,1.0,0.0,1.0,0.0,0.0,0.0,0.0,1.0
46.3,9.4,42.7,1.6,32.206538546782404,5.555484721112035,8.0,12,7.822390240825351,0.0,1.0,0.0,1.0,0.0,0.0,0.0,0.0,1.0
46.3,9.4,42.7,1.6,33.486587769041506,5.594312423272215,10.0,12,8.04070876711112,0.0,1.0,0.0,1.0,0.0,0.0,0.0,0.0,1.0
25.0,30.0,30.0,1.0,4.476173377,3.151918033414718,2.0,4,5.538432089387831,0.0,0.0,1.0,1.0,0.0,0.0,0.0,1.0,0.0
25.0,30.0,30.0,1.0,4.725061612,3.203774697030664,2.0,5,5.592128120207993,0.0,0.0,1.0,1.0,0.0,0.0,0.0,1.0,0.0
25.0,30.0,30.0,1.0,4.973949847,3.253074302876895,2.0,6,5.643087225345703,0.0,0.0,1.0,1.0,0.0,0.0,0.0,1.0,0.0
25.0,30.0,30.0,1.0,5.222838082,3.300057222203905,2.0,7,5.691574931548456,0.0,0.0,1.0,1.0,0.0,0.0,0.0,1.0,0.0
25.0,30.0,30.0,1.0,5.471726318,3.3449314490893527,2.0,8,5.737819905988713,0.0,0.0,1.0,1.0,0.0,0.0,0.0,1.0,0.0
25.0,30.0,30.0,1.0,5.720614553,3.3878781655705463,2.0,9,5.782020477906833,0.0,0.0,1.0,1.0,0.0,0.0,0.0,1.0,0.0
25.0,30.0,30.0,1.0,5.969502788,3.429056161690928,2.0,10,5.824349778785418,0.0,0.0,1.0,1.0,0.0,0.0,0.0,1.0,0.0
25.0,30.0,30.0,1.0,6.218391023,3.4686053792552576,2.0,11,5.864959837989714,0.0,0.0,1.0,1.0,0.0,0.0,0.0,1.0,0.0
25.0,30.0,30.0,1.0,6.467279258,3.5066497817984734,2.0,12,5.903984878668844,0.0,0.0,1.0,1.0,0.0,0.0,0.0,1.0,0.0
25.0,30.0,30.0,1.0,6.716167493,3.543299698151594,2.0,13,5.941543994289965,0.0,0.0,1.0,1.0,0.0,0.0,0.0,1.0,0.0
25.0,30.0,30.0,1.0,6.965055728,3.5786537514927814,2.0,14,5.977743340430821,0.0,0.0,1.0,1.0,0.0,0.0,0.0,1.0,0.0
25.0,30.0,30.0,1.0,7.213943963,3.612800458865935,2.0,15,6.01267794350718,0.0,0.0,1.0,1.0,0.0,0.0,0.0,1.0,0.0
25.0,30.0,30.0,1.0,7.462832198,3.64581956649241,2.0,16,6.04643320406826,0.0,0.0,1.0,1.0,0.0,0.0,0.0,1.0,0.0
25.0,30.0,30.0,1.0,4.973949847,3.253074302876895,2.0,4,5.643087225345703,0.0,0.0,1.0,1.0,0.0,0.0,0.0,1.0,0.0
25.0,30.0,30.0,1.0,5.222838082,3.300057222203905,2.0,5,5.691574931548456,0.0,0.0,1.0,1.0,0.0,0.0,0.0,1.0,0.0
25.0,30.0,30.0,1.0,5.471726318,3.3449314490893527,2.0,6,5.737819905988713,0.0,0.0,1.0,1.0,0.0,0.0,0.0,1.0,0.0
25.0,30.0,30.0,1.0,5.720614553,3.3878781655705463,2.0,7,5.782020477906833,0.0,0.0,1.0,1.0,0.0,0.0,0.0,1.0,0.0
25.0,30.0,30.0,1.0,5.969502788,3.429056161690928,2.0,8,5.824349778785418,0.0,0.0,1.0,1.0,0.0,0.0,0.0,1.0,0.0
25.0,30.0,30.0,1.0,6.218391023,3.4686053792552576,2.0,9,5.864959837989714,0.0,0.0,1.0,1.0,0.0,0.0,0.0,1.0,0.0
25.0,30.0,30.0,1.0,6.467279258,3.5066497817984734,2.0,10,5.903984878668844,0.0,0.0,1.0,1.0,0.0,0.0,0.0,1.0,0.0
25.0,30.0,30.0,1.0,6.716167493,3.543299698151594,2.0,11,5.941543994289965,0.0,0.0,1.0,1.0,0.0,0.0,0.0,1.0,0.0
25.0,30.0,30.0,1.0,6.965055728,3.5786537514927814,2.0,12,5.977743340430821,0.0,0.0,1.0,1.0,0.0,0.0,0.0,1.0,0.0
25.0,30.0,30.0,1.0,7.213943963,3.612800458865935,2.0,13,6.01267794350718,0.0,0.0,1.0,1.0,0.0,0.0,0.0,1.0,0.0
25.0,30.0,30.0,1.0,7.462832198,3.64581956649241,2.0,14,6.0464332040682605,0.0,0.0,1.0,1.0,0.0,0.0,0.0,1.0,0.0
25.0,30.0,30.0,1.0,7.711720434,3.67778317170152,2.0,15,6.079086154535807,0.0,0.0,1.0,1.0,0.0,0.0,0.0,1.0,0.0
25.0,30.0,30.0,1.0,7.960608669,3.7087566704175026,2.0,16,6.11070651800061,0.0,0.0,1.0,1.0,0.0,0.0,0.0,1.0,0.0
25.0,30.0,30.0,1.0,5.471726318,3.3449314490893527,2.0,4,5.737819905988713,0.0,0.0,1.0,1.0,0.0,0.0,0.0,1.0,0.0
25.0,30.0,30.0,1.0,5.720614553,3.3878781655705463,2.0,5,5.782020477906833,0.0,0.0,1.0,1.0,0.0,0.0,0.0,1.0,0.0
25.0,30.0,30.0,1.0,5.969502788,3.429056161690928,2.0,6,5.824349778785418,0.0,0.0,1.0,1.0,0.0,0.0,0.0,1.0,0.0
25.0,30.0,30.0,1.0,6.218391023,3.4686053792552576,2.0,7,5.864959837989714,0.0,0.0,1.0,1.0,0.0,0.0,0.0,1.0,0.0
25.0,30.0,30.0,1.0,6.467279258,3.5066497817984734,2.0,8,5.903984878668844,0.0,0.0,1.0,1.0,0.0,0.0,0.0,1.0,0.0
25.0,30.0,30.0,1.0,6.716167493,3.543299698151594,2.0,9,5.941543994289965,0.0,0.0,1.0,1.0,0.0,0.0,0.0,1.0,0.0
25.0,30.0,30.0,1.0,6.965055728,3.5786537514927814,2.0,10,5.977743340430821,0.0,0.0,1.0,1.0,0.0,0.0,0.0,1.0,0.0
25.0,30.0,30.0,1.0,7.213943963,3.612800458865935,2.0,11,6.01267794350718,0.0,0.0,1.0,1.0,0.0,0.0,0.0,1.0,0.0
25.0,30.0,30.0,1.0,7.462832198,3.64581956649241,2.0,12,6.0464332040682605,0.0,0.0,1.0,1.0,0.0,0.0,0.0,1.0,0.0
25.0,30.0,30.0,1.0,7.711720434,3.67778317170152,2.0,13,6.079086154535807,0.0,0.0,1.0,1.0,0.0,0.0,0.0,1.0,0.0
25.0,30.0,30.0,1.0,7.960608669,3.7087566704175026,2.0,14,6.11070651800061,0.0,0.0,1.0,1.0,0.0,0.0,0.0,1.0,0.0
25.0,30.0,30.0,1.0,8.209496904,3.73879956346432,2.0,15,6.141357604682599,0.0,0.0,1.0,1.0,0.0,0.0,0.0,1.0,0.0
25.0,30.0,30.0,1.0,8.458385139,3.767966144063507,2.0,16,6.171097075035644,0.0,0.0,1.0,1.0,0.0,0.0,0.0,1.0,0.0
25.0,30.0,30.0,1.0,5.969502788,3.429056161690928,2.0,4,5.824349778785418,0.0,0.0,1.0,1.0,0.0,0.0,0.0,1.0,0.0
25.0,30.0,30.0,1.0,6.218391023,3.4686053792552576,2.0,5,5.864959837989714,0.0,0.0,1.0,1.0,0.0,0.0,0.0,1.0,0.0
25.0,30.0,30.0,1.0,6.467279258,3.5066497817984734,2.0,6,5.903984878668844,0.0,0.0,1.0,1.0,0.0,0.0,0.0,1.0,0.0
25.0,30.0,30.0,1.0,6.716167493,3.543299698151594,2.0,7,5.941543994289965,0.0,0.0,1.0,1.0,0.0,0.0,0.0,1.0,0.0
25.0,30.0,30.0,1.0,6.965055728,3.5786537514927814,2.0,8,5.977743340430821,0.0,0.0,1.0,1.0,0.0,0.0,0.0,1.0,0.0
25.0,30.0,30.0,1.0,7.213943963,3.612800458865935,2.0,9,6.01267794350718,0.0,0.0,1.0,1.0,0.0,0.0,0.0,1.0,0.0
25.0,30.0,30.0,1.0,7.462832198,3.64581956649241,2.0,10,6.0464332040682605,0.0,0.0,1.0,1.0,0.0,0.0,0.0,1.0,0.0
25.0,30.0,30.0,1.0,7.711720434,3.67778317170152,2.0,11,6.079086154535807,0.0,0.0,1.0,1.0,0.0,0.0,0.0,1.0,0.0
25.0,30.0,30.0,1.0,7.960608669,3.7087566704175026,2.0,12,6.110706518000611,0.0,0.0,1.0,1.0,0.0,0.0,0.0,1.0,0.0
25.0,30.0,30.0,1.0,8.209496904,3.73879956346432,2.0,13,6.141357604682599,0.0,0.0,1.0,1.0,0.0,0.0,0.0,1.0,0.0
25.0,30.0,30.0,1.0,8.458385139,3.767966144063507,2.0,14,6.171097075035644,0.0,0.0,1.0,1.0,0.0,0.0,0.0,1.0,0.0
25.0,30.0,30.0,1.0,8.707273374,3.7963060884528104,2.0,15,6.199977592616045,0.0,0.0,1.0,1.0,0.0,0.0,0.0,1.0,0.0
25.0,30.0,30.0,1.0,8.956161609,3.823864964980271,2.0,16,6.2280473852887,0.0,0.0,1.0,1.0,0.0,0.0,0.0,1.0,0.0
25.0,30.0,30.0,1.0,6.467279258,3.5066497817984734,2.0,4,5.903984878668844,0.0,0.0,1.0,1.0,0.0,0.0,0.0,1.0,0.0
25.0,30.0,30.0,1.0,6.716167493,3.543299698151594,2.0,5,5.941543994289965,0.0,0.0,1.0,1.0,0.0,0.0,0.0,1.0,0.0
25.0,30.0,30.0,1.0,6.965055728,3.5786537514927814,2.0,6,5.977743340430821,0.0,0.0,1.0,1.0,0.0,0.0,0.0,1.0,0.0
25.0,30.0,30.0,1.0,7.213943963,3.612800458865935,2.0,7,6.01267794350718,0.0,0.0,1.0,1.0,0.0,0.0,0.0,1.0,0.0
25.0,30.0,30.0,1.0,7.462832198,3.64581956649241,2.0,8,6.0464332040682605,0.0,0.0,1.0,1.0,0.0,0.0,0.0,1.0,0.0
25.0,30.0,30.0,1.0,7.711720434,3.67778317170152,2.0,9,6.079086154535807,0.0,0.0,1.0,1.0,0.0,0.0,0.0,1.0,0.0
25.0,30.0,30.0,1.0,7.960608669,3.7087566704175026,2.0,10,6.110706518000611,0.0,0.0,1.0,1.0,0.0,0.0,0.0,1.0,0.0
25.0,30.0,30.0,1.0,8.209496904,3.73879956346432,2.0,11,6.141357604682599,0.0,0.0,1.0,1.0,0.0,0.0,0.0,1.0,0.0
25.0,30.0,30.0,1.0,8.458385139,3.767966144063507,2.0,12,6.171097075035644,0.0,0.0,1.0,1.0,0.0,0.0,0.0,1.0,0.0
25.0,30.0,30.0,1.0,8.707273374,3.7963060884528104,2.0,13,6.199977592616045,0.0,0.0,1.0,1.0,0.0,0.0,0.0,1.0,0.0
25.0,30.0,30.0,1.0,8.956161609,3.823864964980271,2.0,14,6.2280473852887,0.0,0.0,1.0,1.0,0.0,0.0,0.0,1.0,0.0
25.0,30.0,30.0,1.0,9.205049844,3.8506846749072343,2.0,15,6.255350729793276,0.0,0.0,1.0,1.0,0.0,0.0,0.0,1.0,0.0
25.0,30.0,30.0,1.0,9.453938079,3.876803835626557,2.0,16,6.281928371896634,0.0,0.0,1.0,1.0,0.0,0.0,0.0,1.0,0.0
25.0,30.0,30.0,1.0,6.965055728,3.5786537514927814,2.0,4,5.97774334043082,0.0,0.0,1.0,1.0,0.0,0.0,0.0,1.0,0.0
25.0,30.0,30.0,1.0,7.213943963,3.612800458865935,2.0,5,6.01267794350718,0.0,0.0,1.0,1.0,0.0,0.0,0.0,1.0,0.0
25.0,30.0,30.0,1.0,7.462832198,3.64581956649241,2.0,6,6.04643320406826,0.0,0.0,1.0,1.0,0.0,0.0,0.0,1.0,0.0
25.0,30.0,30.0,1.0,7.711720434,3.67778317170152,2.0,7,6.079086154535807,0.0,0.0,1.0,1.0,0.0,0.0,0.0,1.0,0.0
25.0,30.0,30.0,1.0,7.960608669,3.7087566704175026,2.0,8,6.11070651800061,0.0,0.0,1.0,1.0,0.0,0.0,0.0,1.0,0.0
25.0,30.0,30.0,1.0,8.209496904,3.73879956346432,2.0,9,6.141357604682599,0.0,0.0,1.0,1.0,0.0,0.0,0.0,1.0,0.0
25.0,30.0,30.0,1.0,8.458385139,3.767966144063507,2.0,10,6.171097075035644,0.0,0.0,1.0,1.0,0.0,0.0,0.0,1.0,0.0
25.0,30.0,30.0,1.0,8.707273374,3.7963060884528104,2.0,11,6.199977592616045,0.0,0.0,1.0,1.0,0.0,0.0,0.0,1.0,0.0
25.0,30.0,30.0,1.0,8.956161609,3.823864964980271,2.0,12,6.2280473852887,0.0,0.0,1.0,1.0,0.0,0.0,0.0,1.0,0.0
25.0,30.0,30.0,1.0,9.205049844,3.8506846749072343,2.0,13,6.255350729793276,0.0,0.0,1.0,1.0,0.0,0.0,0.0,1.0,0.0
25.0,30.0,30.0,1.0,9.453938079,3.876803835626557,2.0,14,6.281928371896634,0.0,0.0,1.0,1.0,0.0,0.0,0.0,1.0,0.0
25.0,30.0,30.0,1.0,9.702826315,3.9022581151948033,2.0,15,6.307817892141022,0.0,0.0,1.0,1.0,0.0,0.0,0.0,1.0,0.0
25.0,30.0,30.0,1.0,9.95171455,3.9270805248385865,2.0,16,6.333054025428659,0.0,0.0,1.0,1.0,0.0,0.0,0.0,1.0,0.0
25.0,30.0,30.0,1.0,5.969502788,3.429056161690928,3.0,6,5.824349778785418,0.0,0.0,1.0,1.0,0.0,0.0,0.0,1.0,0.0
25.0,30.0,30.0,1.0,6.218391023,3.4686053792552576,3.0,7,5.864959837989714,0.0,0.0,1.0,1.0,0.0,0.0,0.0,1.0,0.0
25.0,30.0,30.0,1.0,6.467279258,3.5066497817984734,3.0,8,5.903984878668844,0.0,0.0,1.0,1.0,0.0,0.0,0.0,1.0,0.0
25.0,30.0,30.0,1.0,6.716167493,3.543299698151594,3.0,9,5.941543994289965,0.0,0.0,1.0,1.0,0.0,0.0,0.0,1.0,0.0
25.0,30.0,30.0,1.0,6.965055728,3.5786537514927814,3.0,10,5.977743340430821,0.0,0.0,1.0,1.0,0.0,0.0,0.0,1.0,0.0
25.0,30.0,30.0,1.0,7.213943963,3.612800458865935,3.0,11,6.01267794350718,0.0,0.0,1.0,1.0,0.0,0.0,0.0,1.0,0.0
25.0,30.0,30.0,1.0,7.462832198,3.64581956649241,3.0,12,6.0464332040682605,0.0,0.0,1.0,1.0,0.0,0.0,0.0,1.0,0.0
25.0,30.0,30.0,1.0,7.711720434,3.67778317170152,3.0,13,6.079086154535807,0.0,0.0,1.0,1.0,0.0,0.0,0.0,1.0,0.0
25.0,30.0,30.0,1.0,7.960608669,3.7087566704175026,3.0,14,6.11070651800061,0.0,0.0,1.0,1.0,0.0,0.0,0.0,1.0,0.0
25.0,30.0,30.0,1.0,8.209496904,3.73879956346432,3.0,15,6.141357604682599,0.0,0.0,1.0,1.0,0.0,0.0,0.0,1.0,0.0
25.0,30.0,30.0,1.0,8.458385139,3.767966144063507,3.0,16,6.171097075035644,0.0,0.0,1.0,1.0,0.0,0.0,0.0,1.0,0.0
25.0,30.0,30.0,1.0,6.716167493,3.543299698151594,3.0,5,5.941543994289965,0.0,0.0,1.0,1.0,0.0,0.0,0.0,1.0,0.0
25.0,30.0,30.0,1.0,6.965055728,3.5786537514927814,3.0,6,5.977743340430821,0.0,0.0,1.0,1.0,0.0,0.0,0.0,1.0,0.0
25.0,30.0,30.0,1.0,7.213943963,3.612800458865935,3.0,7,6.01267794350718,0.0,0.0,1.0,1.0,0.0,0.0,0.0,1.0,0.0
25.0,30.0,30.0,1.0,7.462832198,3.64581956649241,3.0,8,6.0464332040682605,0.0,0.0,1.0,1.0,0.0,0.0,0.0,1.0,0.0
25.0,30.0,30.0,1.0,7.711720434,3.67778317170152,3.0,9,6.079086154535807,0.0,0.0,1.0,1.0,0.0,0.0,0.0,1.0,0.0
25.0,30.0,30.0,1.0,7.960608669,3.7087566704175026,3.0,10,6.110706518000611,0.0,0.0,1.0,1.0,0.0,0.0,0.0,1.0,0.0
25.0,30.0,30.0,1.0,8.209496904,3.73879956346432,3.0,11,6.141357604682599,0.0,0.0,1.0,1.0,0.0,0.0,0.0,1.0,0.0
25.0,30.0,30.0,1.0,8.458385139,3.767966144063507,3.0,12,6.171097075035644,0.0,0.0,1.0,1.0,0.0,0.0,0.0,1.0,0.0
25.0,30.0,30.0,1.0,8.707273374,3.7963060884528104,3.0,13,6.199977592616045,0.0,0.0,1.0,1.0,0.0,0.0,0.0,1.0,0.0
25.0,30.0,30.0,1.0,8.956161609,3.823864964980271,3.0,14,6.2280473852887,0.0,0.0,1.0,1.0,0.0,0.0,0.0,1.0,0.0
25.0,30.0,30.0,1.0,9.205049844,3.8506846749072343,3.0,15,6.255350729793276,0.0,0.0,1.0,1.0,0.0,0.0,0.0,1.0,0.0
25.0,30.0,30.0,1.0,9.453938079,3.876803835626557,3.0,16,6.281928371896634,0.0,0.0,1.0,1.0,0.0,0.0,0.0,1.0,0.0
25.0,30.0,30.0,1.0,7.711720434,3.67778317170152,3.0,5,6.079086154535807,0.0,0.0,1.0,1.0,0.0,0.0,0.0,1.0,0.0
25.0,30.0,30.0,1.0,7.960608669,3.7087566704175026,3.0,6,6.11070651800061,0.0,0.0,1.0,1.0,0.0,0.0,0.0,1.0,0.0
25.0,30.0,30.0,1.0,8.209496904,3.73879956346432,3.0,7,6.141357604682599,0.0,0.0,1.0,1.0,0.0,0.0,0.0,1.0,0.0
25.0,30.0,30.0,1.0,8.458385139,3.767966144063507,3.0,8,6.171097075035645,0.0,0.0,1.0,1.0,0.0,0.0,0.0,1.0,0.0
25.0,30.0,30.0,1.0,8.707273374,3.7963060884528104,3.0,9,6.199977592616046,0.0,0.0,1.0,1.0,0.0,0.0,0.0,1.0,0.0
25.0,30.0,30.0,1.0,8.956161609,3.823864964980271,3.0,10,6.2280473852887,0.0,0.0,1.0,1.0,0.0,0.0,0.0,1.0,0.0
25.0,30.0,30.0,1.0,9.205049844,3.8506846749072343,3.0,11,6.255350729793276,0.0,0.0,1.0,1.0,0.0,0.0,0.0,1.0,0.0
25.0,30.0,30.0,1.0,9.453938079,3.876803835626557,3.0,12,6.281928371896635,0.0,0.0,1.0,1.0,0.0,0.0,0.0,1.0,0.0
25.0,30.0,30.0,1.0,9.702826315,3.9022581151948033,3.0,13,6.307817892141022,0.0,0.0,1.0,1.0,0.0,0.0,0.0,1.0,0.0
25.0,30.0,30.0,1.0,9.95171455,3.9270805248385865,3.0,14,6.33305402542866,0.0,0.0,1.0,1.0,0.0,0.0,0.0,1.0,0.0
25.0,30.0,30.0,1.0,10.20060278,3.951301676517218,3.0,15,6.357668941262844,0.0,0.0,1.0,1.0,0.0,0.0,0.0,1.0,0.0
25.0,30.0,30.0,1.0,10.44949102,3.974950011898186,3.0,16,6.381692490318397,0.0,0.0,1.0,1.0,0.0,0.0,0.0,1.0,0.0
25.0,30.0,30.0,1.0,8.707273374,3.7963060884528104,3.0,5,6.199977592616045,0.0,0.0,1.0,1.0,0.0,0.0,0.0,1.0,0.0
25.0,30.0,30.0,1.0,8.956161609,3.823864964980271,3.0,6,6.228047385288699,0.0,0.0,1.0,1.0,0.0,0.0,0.0,1.0,0.0
25.0,30.0,30.0,1.0,9.205049844,3.8506846749072343,3.0,7,6.255350729793276,0.0,0.0,1.0,1.0,0.0,0.0,0.0,1.0,0.0
25.0,30.0,30.0,1.0,9.453938079,3.876803835626557,3.0,8,6.281928371896634,0.0,0.0,1.0,1.0,0.0,0.0,0.0,1.0,0.0
25.0,30.0,30.0,1.0,9.702826315,3.9022581151948033,3.0,9,6.307817892141022,0.0,0.0,1.0,1.0,0.0,0.0,0.0,1.0,0.0
25.0,30.0,30.0,1.0,9.95171455,3.9270805248385865,3.0,10,6.33305402542866,0.0,0.0,1.0,1.0,0.0,0.0,0.0,1.0,0.0
25.0,30.0,30.0,1.0,10.20060278,3.951301676517218,3.0,11,6.357668941262845,0.0,0.0,1.0,1.0,0.0,0.0,0.0,1.0,0.0
25.0,30.0,30.0,1.0,10.44949102,3.974950011898186,3.0,12,6.381692490318398,0.0,0.0,1.0,1.0,0.0,0.0,0.0,1.0,0.0
25.0,30.0,30.0,1.0,10.69837925,3.9980519979527984,3.0,13,6.405152422082331,0.0,0.0,1.0,1.0,0.0,0.0,0.0,1.0,0.0
25.0,30.0,30.0,1.0,10.94726749,4.020632312144684,3.0,14,6.428074577544685,0.0,0.0,1.0,1.0,0.0,0.0,0.0,1.0,0.0
25.0,30.0,30.0,1.0,11.19615573,4.042713994297558,3.0,15,6.450483060294962,0.0,0.0,1.0,1.0,0.0,0.0,0.0,1.0,0.0
25.0,30.0,30.0,1.0,11.44504396,4.064318590774014,3.0,16,6.472400388864667,0.0,0.0,1.0,1.0,0.0,0.0,0.0,1.0,0.0
25.0,30.0,30.0,1.0,9.205049844,3.8506846749072343,3.0,5,6.307817892141022,0.0,0.0,1.0,1.0,0.0,0.0,0.0,1.0,0.0
25.0,30.0,30.0,1.0,9.453938079,3.876803835626557,3.0,6,6.333054025428659,0.0,0.0,1.0,1.0,0.0,0.0,0.0,1.0,0.0
25.0,30.0,30.0,1.0,9.702826315,3.9022581151948033,3.0,7,6.357668941262844,0.0,0.0,1.0,1.0,0.0,0.0,0.0,1.0,0.0
25.0,30.0,30.0,1.0,9.95171455,3.9270805248385865,3.0,8,6.381692490318397,0.0,0.0,1.0,1.0,0.0,0.0,0.0,1.0,0.0
25.0,30.0,30.0,1.0,10.20060278,3.951301676517218,3.0,9,6.405152422082331,0.0,0.0,1.0,1.0,0.0,0.0,0.0,1.0,0.0
25.0,30.0,30.0,1.0,10.44949102,3.974950011898186,3.0,10,6.428074577544685,0.0,0.0,1.0,1.0,0.0,0.0,0.0,1.0,0.0
25.0,30.0,30.0,1.0,10.69837925,3.9980519979527984,3.0,11,6.450483060294962,0.0,0.0,1.0,1.0,0.0,0.0,0.0,1.0,0.0
25.0,30.0,30.0,1.0,10.94726749,4.020632312144684,3.0,12,6.472400388864667,0.0,0.0,1.0,1.0,0.0,0.0,0.0,1.0,0.0
25.0,30.0,30.0,1.0,11.19615573,4.042713994297558,3.0,13,6.4938476327298496,0.0,0.0,1.0,1.0,0.0,0.0,0.0,1.0,0.0
25.0,30.0,30.0,1.0,11.44504396,4.064318590774014,3.0,14,6.51484453403269,0.0,0.0,1.0,1.0,0.0,0.0,0.0,1.0,0.0
25.0,30.0,30.0,1.0,11.6939322,4.085466283349136,3.0,15,6.5354096167846585,0.0,0.0,1.0,1.0,0.0,0.0,0.0,1.0,0.0
25.0,30.0,30.0,1.0,11.94282043,4.106175996452769,3.0,16,6.55556028506511,0.0,0.0,1.0,1.0,0.0,0.0,0.0,1.0,0.0
25.0,30.0,30.0,1.0,9.702826315,3.9022581151948033,3.0,5,6.405152422082331,0.0,0.0,1.0,1.0,0.0,0.0,0.0,1.0,0.0
25.0,30.0,30.0,1.0,9.95171455,3.9270805248385865,3.0,6,6.428074577544685,0.0,0.0,1.0,1.0,0.0,0.0,0.0,1.0,0.0
25.0,30.0,30.0,1.0,10.20060278,3.951301676517218,3.0,7,6.450483060294962,0.0,0.0,1.0,1.0,0.0,0.0,0.0,1.0,0.0
25.0,30.0,30.0,1.0,10.44949102,3.974950011898186,3.0,8,6.472400388864667,0.0,0.0,1.0,1.0,0.0,0.0,0.0,1.0,0.0
25.0,30.0,30.0,1.0,10.69837925,3.9980519979527984,3.0,9,6.4938476327298496,0.0,0.0,1.0,1.0,0.0,0.0,0.0,1.0,0.0
25.0,30.0,30.0,1.0,10.94726749,4.020632312144684,3.0,10,6.51484453403269,0.0,0.0,1.0,1.0,0.0,0.0,0.0,1.0,0.0
25.0,30.0,30.0,1.0,11.19615573,4.042713994297558,3.0,11,6.5354096167846585,0.0,0.0,1.0,1.0,0.0,0.0,0.0,1.0,0.0
25.0,30.0,30.0,1.0,11.44504396,4.064318590774014,3.0,12,6.55556028506511,0.0,0.0,1.0,1.0,0.0,0.0,0.0,1.0,0.0
25.0,30.0,30.0,1.0,11.6939322,4.085466283349136,3.0,13,6.575312911519799,0.0,0.0,1.0,1.0,0.0,0.0,0.0,1.0,0.0
25.0,30.0,30.0,1.0,11.94282043,4.106175996452769,3.0,14,6.594682917286884,0.0,0.0,1.0,1.0,0.0,0.0,0.0,1.0,0.0
25.0,30.0,30.0,1.0,12.19170867,4.126465505750042,3.0,15,6.613684844327989,0.0,0.0,1.0,1.0,0.0,0.0,0.0,1.0,0.0
25.0,30.0,30.0,1.0,12.4405969,4.146351523139102,3.0,16,6.6323324210142225,0.0,0.0,1.0,1.0,0.0,0.0,0.0,1.0,0.0
25.0,30.0,30.0,1.0,10.20060278,3.951301676517218,3.0,5,6.49384763272985,0.0,0.0,1.0,1.0,0.0,0.0,0.0,1.0,0.0
25.0,30.0,30.0,1.0,10.44949102,3.974950011898186,3.0,6,6.514844534032691,0.0,0.0,1.0,1.0,0.0,0.0,0.0,1.0,0.0
25.0,30.0,30.0,1.0,10.69837925,3.9980519979527984,3.0,7,6.535409616784659,0.0,0.0,1.0,1.0,0.0,0.0,0.0,1.0,0.0
25.0,30.0,30.0,1.0,10.94726749,4.020632312144684,3.0,8,6.555560285065111,0.0,0.0,1.0,1.0,0.0,0.0,0.0,1.0,0.0
25.0,30.0,30.0,1.0,11.19615573,4.042713994297558,3.0,9,6.5753129115197995,0.0,0.0,1.0,1.0,0.0,0.0,0.0,1.0,0.0
25.0,30.0,30.0,1.0,11.44504396,4.064318590774014,3.0,10,6.594682917286884,0.0,0.0,1.0,1.0,0.0,0.0,0.0,1.0,0.0
25.0,30.0,30.0,1.0,11.6939322,4.085466283349136,3.0,11,6.61368484432799,0.0,0.0,1.0,1.0,0.0,0.0,0.0,1.0,0.0
25.0,30.0,30.0,1.0,11.94282043,4.106175996452769,3.0,12,6.632332421014223,0.0,0.0,1.0,1.0,0.0,0.0,0.0,1.0,0.0
25.0,30.0,30.0,1.0,12.19170867,4.126465505750042,3.0,13,6.650638621708161,0.0,0.0,1.0,1.0,0.0,0.0,0.0,1.0,0.0
25.0,30.0,30.0,1.0,12.4405969,4.146351523139102,3.0,14,6.668615720989511,0.0,0.0,1.0,1.0,0.0,0.0,0.0,1.0,0.0
25.0,30.0,30.0,1.0,12.68948514,4.165849785996314,3.0,15,6.686275343092093,0.0,0.0,1.0,1.0,0.0,0.0,0.0,1.0,0.0
25.0,30.0,30.0,1.0,12.93837337,4.18497512559023,3.0,16,6.703628507050817,0.0,0.0,1.0,1.0,0.0,0.0,0.0,1.0,0.0
25.0,30.0,30.0,1.0,6.485164718,3.5093287626246132,4.0,4,5.906731481884878,0.0,0.0,1.0,1.0,0.0,0.0,0.0,1.0,0.0
25.0,30.0,30.0,1.0,6.734052953,3.545882396385396,4.0,5,5.94418948459216,0.0,0.0,1.0,1.0,0.0,0.0,0.0,1.0,0.0
25.0,30.0,30.0,1.0,6.982941188,3.5811468478279247,4.0,6,5.980294898188584,0.0,0.0,1.0,1.0,0.0,0.0,0.0,1.0,0.0
25.0,30.0,30.0,1.0,7.231829423,3.615209961986873,4.0,7,6.015142010462339,0.0,0.0,1.0,1.0,0.0,0.0,0.0,1.0,0.0
25.0,30.0,30.0,1.0,7.480717658,3.648150900280048,4.0,8,6.048815581284332,0.0,0.0,1.0,1.0,0.0,0.0,0.0,1.0,0.0
25.0,30.0,30.0,1.0,7.729605893,3.6800412486113063,4.0,9,6.081392084631966,0.0,0.0,1.0,1.0,0.0,0.0,0.0,1.0,0.0
25.0,30.0,30.0,1.0,7.978494128,3.710945954170216,4.0,10,6.1129407546019845,0.0,0.0,1.0,1.0,0.0,0.0,0.0,1.0,0.0
25.0,30.0,30.0,1.0,8.227382363,3.740924121756141,4.0,11,6.143524471399725,0.0,0.0,1.0,1.0,0.0,0.0,0.0,1.0,0.0
25.0,30.0,30.0,1.0,8.476270598,3.770029694170076,4.0,12,6.173200515812028,0.0,0.0,1.0,1.0,0.0,0.0,0.0,1.0,0.0
25.0,30.0,30.0,1.0,8.725158834,3.7983120364680576,4.0,13,6.2020212149166944,0.0,0.0,1.0,1.0,0.0,0.0,0.0,1.0,0.0
25.0,30.0,30.0,1.0,8.974047069,3.825816439291362,4.0,14,6.230034497317393,0.0,0.0,1.0,1.0,0.0,0.0,0.0,1.0,0.0
25.0,30.0,30.0,1.0,9.222935304,3.852584555881144,4.0,15,6.257284372702629,0.0,0.0,1.0,1.0,0.0,0.0,0.0,1.0,0.0
25.0,30.0,30.0,1.0,9.471823539,3.878654781059894,4.0,16,6.283811347778168,0.0,0.0,1.0,1.0,0.0,0.0,0.0,1.0,0.0
25.0,30.0,30.0,1.0,7.978494128,3.710945954170216,4.0,4,6.112940754601984,0.0,0.0,1.0,1.0,0.0,0.0,0.0,1.0,0.0
25.0,30.0,30.0,1.0,8.227382363,3.740924121756141,4.0,5,6.143524471399725,0.0,0.0,1.0,1.0,0.0,0.0,0.0,1.0,0.0
25.0,30.0,30.0,1.0,8.476270598,3.770029694170076,4.0,6,6.173200515812028,0.0,0.0,1.0,1.0,0.0,0.0,0.0,1.0,0.0
25.0,30.0,30.0,1.0,8.725158834,3.7983120364680576,4.0,7,6.2020212149166944,0.0,0.0,1.0,1.0,0.0,0.0,0.0,1.0,0.0
25.0,30.0,30.0,1.0,8.974047069,3.825816439291362,4.0,8,6.230034497317393,0.0,0.0,1.0,1.0,0.0,0.0,0.0,1.0,0.0
25.0,30.0,30.0,1.0,9.222935304,3.852584555881144,4.0,9,6.257284372702629,0.0,0.0,1.0,1.0,0.0,0.0,0.0,1.0,0.0
25.0,30.0,30.0,1.0,9.471823539,3.878654781059894,4.0,10,6.283811347778168,0.0,0.0,1.0,1.0,0.0,0.0,0.0,1.0,0.0
25.0,30.0,30.0,1.0,9.720711774,3.9040625825681623,4.0,11,6.309652788441769,0.0,0.0,1.0,1.0,0.0,0.0,0.0,1.0,0.0
25.0,30.0,30.0,1.0,9.969600009,3.928840791239296,4.0,12,6.3348432363281235,0.0,0.0,1.0,1.0,0.0,0.0,0.0,1.0,0.0
25.0,30.0,30.0,1.0,10.21848824,3.9530198557002434,4.0,13,6.359414686453388,0.0,0.0,1.0,1.0,0.0,0.0,0.0,1.0,0.0
25.0,30.0,30.0,1.0,10.46737648,3.976628069351697,4.0,14,6.383396831558544,0.0,0.0,1.0,1.0,0.0,0.0,0.0,1.0,0.0
25.0,30.0,30.0,1.0,10.71626471,3.9996917647113466,4.0,15,6.406817277832567,0.0,0.0,1.0,1.0,0.0,0.0,0.0,1.0,0.0
25.0,30.0,30.0,1.0,10.96515295,4.022235496691952,4.0,16,6.429701735946264,0.0,0.0,1.0,1.0,0.0,0.0,0.0,1.0,0.0
25.0,30.0,30.0,1.0,9.471823539,3.878654781059894,4.0,4,6.283811347778168,0.0,0.0,1.0,1.0,0.0,0.0,0.0,1.0,0.0
25.0,30.0,30.0,1.0,9.720711774,3.9040625825681623,4.0,5,6.309652788441769,0.0,0.0,1.0,1.0,0.0,0.0,0.0,1.0,0.0
25.0,30.0,30.0,1.0,9.969600009,3.928840791239296,4.0,6,6.334843236328123,0.0,0.0,1.0,1.0,0.0,0.0,0.0,1.0,0.0
25.0,30.0,30.0,1.0,10.21848824,3.9530198557002434,4.0,7,6.359414686453388,0.0,0.0,1.0,1.0,0.0,0.0,0.0,1.0,0.0
25.0,30.0,30.0,1.0,10.46737648,3.976628069351697,4.0,8,6.383396831558545,0.0,0.0,1.0,1.0,0.0,0.0,0.0,1.0,0.0
25.0,30.0,30.0,1.0,10.71626471,3.9996917647113466,4.0,9,6.406817277832567,0.0,0.0,1.0,1.0,0.0,0.0,0.0,1.0,0.0
25.0,30.0,30.0,1.0,10.96515295,4.022235496691952,4.0,10,6.429701735946264,0.0,0.0,1.0,1.0,0.0,0.0,0.0,1.0,0.0
25.0,30.0,30.0,1.0,11.21404118,4.044282192392117,4.0,11,6.452074190711849,0.0,0.0,1.0,1.0,0.0,0.0,0.0,1.0,0.0
25.0,30.0,30.0,1.0,11.46292942,4.06585329850848,4.0,12,6.473957052175369,0.0,0.0,1.0,1.0,0.0,0.0,0.0,1.0,0.0
25.0,30.0,30.0,1.0,11.71181765,4.086968899605958,4.0,13,6.495371290528178,0.0,0.0,1.0,1.0,0.0,0.0,0.0,1.0,0.0
25.0,30.0,30.0,1.0,11.96070589,4.10764783745175,4.0,14,6.516336556873358,0.0,0.0,1.0,1.0,0.0,0.0,0.0,1.0,0.0
25.0,30.0,30.0,1.0,12.20959413,4.127907806039242,4.0,15,6.536871291590298,0.0,0.0,1.0,1.0,0.0,0.0,0.0,1.0,0.0
25.0,30.0,30.0,1.0,12.45848236,4.147765445187084,4.0,16,6.556992821795006,0.0,0.0,1.0,1.0,0.0,0.0,0.0,1.0,0.0
25.0,30.0,30.0,1.0,10.96515295,4.022235496691952,4.0,4,6.429701735946264,0.0,0.0,1.0,1.0,0.0,0.0,0.0,1.0,0.0
25.0,30.0,30.0,1.0,11.21404118,4.044282192392117,4.0,5,6.452074190711849,0.0,0.0,1.0,1.0,0.0,0.0,0.0,1.0,0.0
25.0,30.0,30.0,1.0,11.46292942,4.06585329850848,4.0,6,6.47395705217537,0.0,0.0,1.0,1.0,0.0,0.0,0.0,1.0,0.0
25.0,30.0,30.0,1.0,11.71181765,4.086968899605958,4.0,7,6.495371290528179,0.0,0.0,1.0,1.0,0.0,0.0,0.0,1.0,0.0
25.0,30.0,30.0,1.0,11.96070589,4.10764783745175,4.0,8,6.516336556873358,0.0,0.0,1.0,1.0,0.0,0.0,0.0,1.0,0.0
25.0,30.0,30.0,1.0,12.20959413,4.127907806039242,4.0,9,6.536871291590299,0.0,0.0,1.0,1.0,0.0,0.0,0.0,1.0,0.0
25.0,30.0,30.0,1.0,12.45848236,4.147765445187084,4.0,10,6.556992821795007,0.0,0.0,1.0,1.0,0.0,0.0,0.0,1.0,0.0
25.0,30.0,30.0,1.0,12.7073706,4.167236424976355,4.0,11,6.576717449186914,0.0,0.0,1.0,1.0,0.0,0.0,0.0,1.0,0.0
25.0,30.0,30.0,1.0,12.95625883,4.186335514480425,4.0,12,6.596060529398137,0.0,0.0,1.0,1.0,0.0,0.0,0.0,1.0,0.0
25.0,30.0,30.0,1.0,13.20514707,4.205076655341212,4.0,13,6.61503654381289,0.0,0.0,1.0,1.0,0.0,0.0,0.0,1.0,0.0
25.0,30.0,30.0,1.0,13.4540353,4.223473016749829,4.0,14,6.633659164698517,0.0,0.0,1.0,1.0,0.0,0.0,0.0,1.0,0.0
25.0,30.0,30.0,1.0,13.70292354,4.241537057073909,4.0,15,6.651941314381999,0.0,0.0,1.0,1.0,0.0,0.0,0.0,1.0,0.0
25.0,30.0,30.0,1.0,13.95181177,4.259280568609575,4.0,16,6.669895219113443,0.0,0.0,1.0,1.0,0.0,0.0,0.0,1.0,0.0
25.0,30.0,30.0,1.0,12.45848236,4.147765445187084,4.0,4,6.556992821795007,0.0,0.0,1.0,1.0,0.0,0.0,0.0,1.0,0.0
25.0,30.0,30.0,1.0,12.7073706,4.167236424976355,4.0,5,6.576717449186914,0.0,0.0,1.0,1.0,0.0,0.0,0.0,1.0,0.0
25.0,30.0,30.0,1.0,12.95625883,4.186335514480425,4.0,6,6.596060529398139,0.0,0.0,1.0,1.0,0.0,0.0,0.0,1.0,0.0
25.0,30.0,30.0,1.0,13.20514707,4.205076655341212,4.0,7,6.615036543812891,0.0,0.0,1.0,1.0,0.0,0.0,0.0,1.0,0.0
25.0,30.0,30.0,1.0,13.4540353,4.223473016749829,4.0,8,6.633659164698518,0.0,0.0,1.0,1.0,0.0,0.0,0.0,1.0,0.0
25.0,30.0,30.0,1.0,13.70292354,4.241537057073909,4.0,9,6.651941314382,0.0,0.0,1.0,1.0,0.0,0.0,0.0,1.0,0.0
25.0,30.0,30.0,1.0,13.95181177,4.259280568609575,4.0,10,6.669895219113444,0.0,0.0,1.0,1.0,0.0,0.0,0.0,1.0,0.0
25.0,30.0,30.0,1.0,14.20070001,4.276714729640095,4.0,11,6.687532458178905,0.0,0.0,1.0,1.0,0.0,0.0,0.0,1.0,0.0
25.0,30.0,30.0,1.0,14.44958824,4.293850141017541,4.0,12,6.704864008756646,0.0,0.0,1.0,1.0,0.0,0.0,0.0,1.0,0.0
25.0,30.0,30.0,1.0,14.69847648,4.310696870493231,4.0,13,6.7219002869519935,0.0,0.0,1.0,1.0,0.0,0.0,0.0,1.0,0.0
25.0,30.0,30.0,1.0,14.94736471,4.327264482724372,4.0,14,6.738651185394904,0.0,0.0,1.0,1.0,0.0,0.0,0.0,1.0,0.0
25.0,30.0,30.0,1.0,15.19625295,4.343562077312738,4.0,15,6.755126107740088,0.0,0.0,1.0,1.0,0.0,0.0,0.0,1.0,0.0
25.0,30.0,30.0,1.0,15.44514118,4.359598313483549,4.0,16,6.771334000370938,0.0,0.0,1.0,1.0,0.0,0.0,0.0,1.0,0.0
25.0,30.0,30.0,1.0,9.484332715,3.8799473081068303,2.0,5,6.287003175837542,0.0,0.0,1.0,1.0,0.0,0.0,0.0,1.0,0.0
25.0,30.0,30.0,1.0,9.982109185,3.930070091192048,2.0,6,6.337876506322418,0.0,0.0,1.0,1.0,0.0,0.0,0.0,1.0,0.0
25.0,30.0,30.0,1.0,10.47988565,3.9778000389799906,2.0,7,6.386286551117665,0.0,0.0,1.0,1.0,0.0,0.0,0.0,1.0,0.0
25.0,30.0,30.0,1.0,10.97766213,4.023355246487333,2.0,8,6.432460878255801,0.0,0.0,1.0,1.0,0.0,0.0,0.0,1.0,0.0
25.0,30.0,30.0,1.0,11.4754386,4.066925282735243,2.0,9,6.4765969077998555,0.0,0.0,1.0,1.0,0.0,0.0,0.0,1.0,0.0
25.0,30.0,30.0,1.0,11.97321507,4.108675964494856,2.0,10,6.5188670126787525,0.0,0.0,1.0,1.0,0.0,0.0,0.0,1.0,0.0
25.0,30.0,30.0,1.0,12.47099154,4.148753162584324,2.0,11,6.559422584375915,0.0,0.0,1.0,1.0,0.0,0.0,0.0,1.0,0.0
25.0,30.0,30.0,1.0,12.96876801,4.187285878635231,2.0,12,6.598397305752496,0.0,0.0,1.0,1.0,0.0,0.0,0.0,1.0,0.0
25.0,30.0,30.0,1.0,13.46654448,4.224388749942527,2.0,13,6.6359098096046925,0.0,0.0,1.0,1.0,0.0,0.0,0.0,1.0,0.0
25.0,30.0,30.0,1.0,13.96432095,4.2601641059864805,2.0,14,6.672065856311904,0.0,0.0,1.0,1.0,0.0,0.0,0.0,1.0,0.0
25.0,30.0,30.0,1.0,14.46209742,4.294703669600271,2.0,15,6.706960131331688,0.0,0.0,1.0,1.0,0.0,0.0,0.0,1.0,0.0
25.0,30.0,30.0,1.0,14.95987389,4.328089974012143,2.0,16,6.740677739498453,0.0,0.0,1.0,1.0,0.0,0.0,0.0,1.0,0.0
25.0,30.0,30.0,1.0,10.1785476,3.949178857453008,2.0,6,6.357261508646128,0.0,0.0,1.0,1.0,0.0,0.0,0.0,1.0,0.0
25.0,30.0,30.0,1.0,10.67632407,3.996026235560703,2.0,7,6.404763887324663,0.0,0.0,1.0,1.0,0.0,0.0,0.0,1.0,0.0
25.0,30.0,30.0,1.0,11.17410054,4.040776800738055,2.0,8,6.450111748033678,0.0,0.0,1.0,1.0,0.0,0.0,0.0,1.0,0.0
25.0,30.0,30.0,1.0,11.67187701,4.083610239135652,2.0,9,6.493492080936203,0.0,0.0,1.0,1.0,0.0,0.0,0.0,1.0,0.0
25.0,30.0,30.0,1.0,12.16965348,4.124684085511609,2.0,10,6.5350685420184895,0.0,0.0,1.0,1.0,0.0,0.0,0.0,1.0,0.0
25.0,30.0,30.0,1.0,12.66742995,4.164137221016124,2.0,11,6.574985180981096,0.0,0.0,1.0,1.0,0.0,0.0,0.0,1.0,0.0
25.0,30.0,30.0,1.0,13.16520642,4.202092706724269,2.0,12,6.613369453169883,0.0,0.0,1.0,1.0,0.0,0.0,0.0,1.0,0.0
25.0,30.0,30.0,1.0,13.66298289,4.238660098768991,2.0,13,6.650334674465888,0.0,0.0,1.0,1.0,0.0,0.0,0.0,1.0,0.0
25.0,30.0,30.0,1.0,14.16075936,4.27393735487891,2.0,14,6.685982038363228,0.0,0.0,1.0,1.0,0.0,0.0,0.0,1.0,0.0
25.0,30.0,30.0,1.0,14.65853583,4.308012415913635,2.0,15,6.720402285713773,0.0,0.0,1.0,1.0,0.0,0.0,0.0,1.0,0.0
25.0,30.0,30.0,1.0,15.1563123,4.34096452669328,2.0,16,6.75367709652688,0.0,0.0,1.0,1.0,0.0,0.0,0.0,1.0,0.0
25.0,30.0,30.0,1.0,8.934106424,3.821453278541336,2.0,4,6.19950055196415,0.0,0.0,1.0,1.0,0.0,0.0,0.0,1.0,0.0
25.0,30.0,30.0,1.0,9.431882895,3.874516643015528,2.0,5,6.2548993921456875,0.0,0.0,1.0,1.0,0.0,0.0,0.0,1.0,0.0
25.0,30.0,30.0,1.0,9.929659365,3.9249056037719594,2.0,6,6.307389629341492,0.0,0.0,1.0,1.0,0.0,0.0,0.0,1.0,0.0
25.0,30.0,30.0,1.0,10.42743584,3.97287685649896,2.0,7,6.357261508646128,0.0,0.0,1.0,1.0,0.0,0.0,0.0,1.0,0.0
25.0,30.0,30.0,1.0,10.92521231,4.01865182434925,2.0,8,6.404763887324663,0.0,0.0,1.0,1.0,0.0,0.0,0.0,1.0,0.0
25.0,30.0,30.0,1.0,11.42298878,4.062422840767837,2.0,9,6.450111748033678,0.0,0.0,1.0,1.0,0.0,0.0,0.0,1.0,0.0
25.0,30.0,30.0,1.0,11.92076525,4.104358030521002,2.0,10,6.493492080936203,0.0,0.0,1.0,1.0,0.0,0.0,0.0,1.0,0.0
25.0,30.0,30.0,1.0,12.41854172,4.144605209780062,2.0,11,6.5350685420184895,0.0,0.0,1.0,1.0,0.0,0.0,0.0,1.0,0.0
25.0,30.0,30.0,1.0,12.91631819,4.183295030805071,2.0,12,6.574985180981095,0.0,0.0,1.0,1.0,0.0,0.0,0.0,1.0,0.0
25.0,30.0,30.0,1.0,13.41409466,4.220543540572164,2.0,13,6.613369453169883,0.0,0.0,1.0,1.0,0.0,0.0,0.0,1.0,0.0
25.0,30.0,30.0,1.0,13.91187113,4.256454279712395,2.0,14,6.650334674465888,0.0,0.0,1.0,1.0,0.0,0.0,0.0,1.0,0.0
25.0,30.0,30.0,1.0,14.4096476,4.29112001744037,2.0,15,6.685982038363228,0.0,0.0,1.0,1.0,0.0,0.0,0.0,1.0,0.0
25.0,30.0,30.0,1.0,14.90742407,4.3246241956945735,2.0,16,6.720402285713773,0.0,0.0,1.0,1.0,0.0,0.0,0.0,1.0,0.0
25.0,30.0,30.0,1.0,8.951637014,3.823370684353169,2.0,4,6.229532178267265,0.0,0.0,1.0,1.0,0.0,0.0,0.0,1.0,0.0
25.0,30.0,30.0,1.0,9.449413484,3.8763350470777818,2.0,5,6.283335334631217,0.0,0.0,1.0,1.0,0.0,0.0,0.0,1.0,0.0
25.0,30.0,30.0,1.0,9.947189954,3.926634727768696,2.0,6,6.3343909109689935,0.0,0.0,1.0,1.0,0.0,0.0,0.0,1.0,0.0
25.0,30.0,30.0,1.0,10.44496642,3.974525056241923,2.0,7,6.38296594819876,0.0,0.0,1.0,1.0,0.0,0.0,0.0,1.0,0.0
25.0,30.0,30.0,1.0,10.94274289,4.020226336554273,2.0,8,6.4292903537204005,0.0,0.0,1.0,1.0,0.0,0.0,0.0,1.0,0.0
25.0,30.0,30.0,1.0,11.44051936,4.063929972298715,2.0,9,6.473563482329777,0.0,0.0,1.0,1.0,0.0,0.0,0.0,1.0,0.0
25.0,30.0,30.0,1.0,11.93829584,4.105803312594081,2.0,10,6.515959320913711,0.0,0.0,1.0,1.0,0.0,0.0,0.0,1.0,0.0
25.0,30.0,30.0,1.0,12.43607231,4.145993517896343,2.0,11,6.556630617972567,0.0,0.0,1.0,1.0,0.0,0.0,0.0,1.0,0.0
25.0,30.0,30.0,1.0,12.93384878,4.184630686507849,2.0,12,6.595712205617421,0.0,0.0,1.0,1.0,0.0,0.0,0.0,1.0,0.0
25.0,30.0,30.0,1.0,13.43162525,4.221830391679576,2.0,13,6.63332369642442,0.0,0.0,1.0,1.0,0.0,0.0,0.0,1.0,0.0
25.0,30.0,30.0,1.0,13.92940172,4.257695767115938,2.0,14,6.669571691210146,0.0,0.0,1.0,1.0,0.0,0.0,0.0,1.0,0.0
25.0,30.0,30.0,1.0,14.42717819,4.292319230530522,2.0,15,6.704551600447475,0.0,0.0,1.0,1.0,0.0,0.0,0.0,1.0,0.0
25.0,30.0,30.0,1.0,14.92495466,4.325783918660562,2.0,16,6.738349157720951,0.0,0.0,1.0,1.0,0.0,0.0,0.0,1.0,0.0
25.0,30.0,30.0,1.0,9.947189954,3.926634727768696,2.0,4,6.3091889214013905,0.0,0.0,1.0,1.0,0.0,0.0,0.0,1.0,0.0
25.0,30.0,30.0,1.0,10.44496642,3.974525056241923,2.0,5,6.358973342371787,0.0,0.0,1.0,1.0,0.0,0.0,0.0,1.0,0.0
25.0,30.0,30.0,1.0,10.94274289,4.020226336554273,2.0,6,6.406396370796463,0.0,0.0,1.0,1.0,0.0,0.0,0.0,1.0,0.0
25.0,30.0,30.0,1.0,11.44051936,4.063929972298715,2.0,7,6.451671911756734,0.0,0.0,1.0,1.0,0.0,0.0,0.0,1.0,0.0
25.0,30.0,30.0,1.0,11.93829584,4.105803312594081,2.0,8,6.494986060688496,0.0,0.0,1.0,1.0,0.0,0.0,0.0,1.0,0.0
25.0,30.0,30.0,1.0,12.43607231,4.145993517896343,2.0,9,6.5365017244940855,0.0,0.0,1.0,1.0,0.0,0.0,0.0,1.0,0.0
25.0,30.0,30.0,1.0,12.93384878,4.184630686507849,2.0,10,6.576362320957521,0.0,0.0,1.0,1.0,0.0,0.0,0.0,1.0,0.0
25.0,30.0,30.0,1.0,13.43162525,4.221830391679576,2.0,11,6.614694768629277,0.0,0.0,1.0,1.0,0.0,0.0,0.0,1.0,0.0
25.0,30.0,30.0,1.0,13.92940172,4.257695767115938,2.0,12,6.651611924467266,0.0,0.0,1.0,1.0,0.0,0.0,0.0,1.0,0.0
25.0,30.0,30.0,1.0,14.42717819,4.292319230530522,2.0,13,6.687214587287904,0.0,0.0,1.0,1.0,0.0,0.0,0.0,1.0,0.0
25.0,30.0,30.0,1.0,14.92495466,4.325783918660562,2.0,14,6.721593156648646,0.0,0.0,1.0,1.0,0.0,0.0,0.0,1.0,0.0
25.0,30.0,30.0,1.0,15.42273113,4.35816488983291,2.0,15,6.754829015917307,0.0,0.0,1.0,1.0,0.0,0.0,0.0,1.0,0.0
25.0,30.0,30.0,1.0,15.9205076,4.389530137850567,2.0,16,6.786995692791242,0.0,0.0,1.0,1.0,0.0,0.0,0.0,1.0,0.0
25.0,30.0,30.0,1.0,9.698301719,3.901801111324016,2.0,4,6.30918892140139,0.0,0.0,1.0,1.0,0.0,0.0,0.0,1.0,0.0
25.0,30.0,30.0,1.0,10.19607819,3.9508665503470457,2.0,5,6.358973342371787,0.0,0.0,1.0,1.0,0.0,0.0,0.0,1.0,0.0
25.0,30.0,30.0,1.0,10.69385466,3.997636750017804,2.0,6,6.406396370796463,0.0,0.0,1.0,1.0,0.0,0.0,0.0,1.0,0.0
25.0,30.0,30.0,1.0,11.19163113,4.042316886839316,2.0,7,6.451671911756734,0.0,0.0,1.0,1.0,0.0,0.0,0.0,1.0,0.0
25.0,30.0,30.0,1.0,11.6894076,4.085085798514572,2.0,8,6.494986060688496,0.0,0.0,1.0,1.0,0.0,0.0,0.0,1.0,0.0
25.0,30.0,30.0,1.0,12.18718407,4.1261003078295575,2.0,9,6.5365017244940855,0.0,0.0,1.0,1.0,0.0,0.0,0.0,1.0,0.0
25.0,30.0,30.0,1.0,12.68496054,4.165498694057993,2.0,10,6.576362320957521,0.0,0.0,1.0,1.0,0.0,0.0,0.0,1.0,0.0
25.0,30.0,30.0,1.0,13.18273701,4.203403506005414,2.0,11,6.614694768629277,0.0,0.0,1.0,1.0,0.0,0.0,0.0,1.0,0.0
25.0,30.0,30.0,1.0,13.68051348,4.2399238610648,2.0,12,6.651611924467266,0.0,0.0,1.0,1.0,0.0,0.0,0.0,1.0,0.0
25.0,30.0,30.0,1.0,14.17828995,4.275157339018623,2.0,13,6.687214587287904,0.0,0.0,1.0,1.0,0.0,0.0,0.0,1.0,0.0
25.0,30.0,30.0,1.0,14.67606642,4.309191553396879,2.0,14,6.721593156648646,0.0,0.0,1.0,1.0,0.0,0.0,0.0,1.0,0.0
25.0,30.0,30.0,1.0,15.17384289,4.342105464107576,2.0,15,6.754829015917307,0.0,0.0,1.0,1.0,0.0,0.0,0.0,1.0,0.0
25.0,30.0,30.0,1.0,15.67161936,4.37397048083421,2.0,16,6.786995692791242,0.0,0.0,1.0,1.0,0.0,0.0,0.0,1.0,0.0
25.0,30.0,30.0,1.0,8.951637014,3.823370684353169,2.0,4,6.229532178267265,0.0,0.0,1.0,1.0,0.0,0.0,0.0,1.0,0.0
25.0,30.0,30.0,1.0,9.715832308,3.9035706152095098,2.0,4,6.310984981823162,0.0,0.0,1.0,1.0,0.0,0.0,0.0,1.0,0.0
25.0,30.0,30.0,1.0,10.21360878,3.952551399732075,2.0,5,6.360682250729771,0.0,0.0,1.0,1.0,0.0,0.0,0.0,1.0,0.0
25.0,30.0,30.0,1.0,10.71138525,3.9992446748880974,2.0,6,6.40802619360887,0.0,0.0,1.0,1.0,0.0,0.0,0.0,1.0,0.0
25.0,30.0,30.0,1.0,11.20916172,4.043854604722172,2.0,7,6.453229645160151,0.0,0.0,1.0,1.0,0.0,0.0,0.0,1.0,0.0
25.0,30.0,30.0,1.0,11.70693819,4.086559183825585,2.0,8,6.496477811794428,0.0,0.0,1.0,1.0,0.0,0.0,0.0,1.0,0.0
25.0,30.0,30.0,1.0,12.20471466,4.127514527297998,2.0,9,6.537932855896884,0.0,0.0,1.0,1.0,0.0,0.0,0.0,1.0,0.0
25.0,30.0,30.0,1.0,12.70249113,4.16685831601094,2.0,10,6.577737567027306,0.0,0.0,1.0,1.0,0.0,0.0,0.0,1.0,0.0
25.0,30.0,30.0,1.0,13.2002676,4.2047125893408195,2.0,11,6.616018329952132,0.0,0.0,1.0,1.0,0.0,0.0,0.0,1.0,0.0
25.0,30.0,30.0,1.0,13.69804407,4.241186028281059,2.0,12,6.652887545181864,0.0,0.0,1.0,1.0,0.0,0.0,0.0,1.0,0.0
25.0,30.0,30.0,1.0,14.19582054,4.276375836610416,2.0,13,6.688445618905689,0.0,0.0,1.0,1.0,0.0,0.0,0.0,1.0,0.0
25.0,30.0,30.0,1.0,14.69359701,4.310369302152258,2.0,14,6.722782611096622,0.0,0.0,1.0,1.0,0.0,0.0,0.0,1.0,0.0
25.0,30.0,30.0,1.0,15.19137348,4.343245101267056,2.0,15,6.755979609916049,0.0,0.0,1.0,1.0,0.0,0.0,0.0,1.0,0.0
25.0,30.0,30.0,1.0,15.68914995,4.3750743956423905,2.0,16,6.788109885212942,0.0,0.0,1.0,1.0,0.0,0.0,0.0,1.0,0.0
25.0,30.0,30.0,1.0,11.82787796,4.096665031183668,3.0,4,6.508213095673153,0.0,0.0,1.0,1.0,0.0,0.0,0.0,1.0,0.0
25.0,30.0,30.0,1.0,12.57454267,4.156892249057243,3.0,5,6.569071799364147,0.0,0.0,1.0,1.0,0.0,0.0,0.0,1.0,0.0
25.0,30.0,30.0,1.0,13.32120737,4.213697281576479,3.0,6,6.626438239991276,0.0,0.0,1.0,1.0,0.0,0.0,0.0,1.0,0.0
25.0,30.0,30.0,1.0,14.06787208,4.267448214373314,3.0,7,6.680691553817302,0.0,0.0,1.0,1.0,0.0,0.0,0.0,1.0,0.0
25.0,30.0,30.0,1.0,14.81453678,4.318456762910658,3.0,8,6.732152301901144,0.0,0.0,1.0,1.0,0.0,0.0,0.0,1.0,0.0
25.0,30.0,30.0,1.0,15.56120149,4.366989230633092,3.0,9,6.781093947637491,0.0,0.0,1.0,1.0,0.0,0.0,0.0,1.0,0.0
25.0,30.0,30.0,1.0,16.3078662,4.413274919130455,3.0,10,6.8277516538782,0.0,0.0,1.0,1.0,0.0,0.0,0.0,1.0,0.0
25.0,30.0,30.0,1.0,17.0545309,4.457512682291707,3.0,11,6.872329117403332,0.0,0.0,1.0,1.0,0.0,0.0,0.0,1.0,0.0
25.0,30.0,30.0,1.0,17.80119561,4.499876090902148,3.0,12,6.915003943818047,0.0,0.0,1.0,1.0,0.0,0.0,0.0,1.0,0.0
25.0,30.0,30.0,1.0,18.54786031,4.540517541538703,3.0,13,6.955931921652403,0.0,0.0,1.0,1.0,0.0,0.0,0.0,1.0,0.0
25.0,30.0,30.0,1.0,19.29452502,4.579571570375902,3.0,14,6.995250455588522,0.0,0.0,1.0,1.0,0.0,0.0,0.0,1.0,0.0
25.0,30.0,30.0,1.0,20.04118972,4.617157535758262,3.0,15,7.033081349839141,0.0,0.0,1.0,1.0,0.0,0.0,0.0,1.0,0.0
25.0,30.0,30.0,1.0,20.78785443,4.653381822366398,3.0,16,7.0695330839149335,0.0,0.0,1.0,1.0,0.0,0.0,0.0,1.0,0.0
25.0,30.0,30.0,1.0,12.36142535,4.140068550315667,3.0,4,6.55207555393447,0.0,0.0,1.0,1.0,0.0,0.0,0.0,1.0,0.0
25.0,30.0,30.0,1.0,13.10809006,4.197810037925413,3.0,5,6.610397211377042,0.0,0.0,1.0,1.0,0.0,0.0,0.0,1.0,0.0
25.0,30.0,30.0,1.0,13.85475476,4.2523986680455605,3.0,6,6.665504083814798,0.0,0.0,1.0,1.0,0.0,0.0,0.0,1.0,0.0
25.0,30.0,30.0,1.0,14.60141947,4.304160998740222,3.0,7,6.717732141001143,0.0,0.0,1.0,1.0,0.0,0.0,0.0,1.0,0.0
25.0,30.0,30.0,1.0,15.34808417,4.353375338967438,3.0,8,6.767367290681116,0.0,0.0,1.0,1.0,0.0,0.0,0.0,1.0,0.0
25.0,30.0,30.0,1.0,16.09474888,4.400280813742649,3.0,9,6.814654855866124,0.0,0.0,1.0,1.0,0.0,0.0,0.0,1.0,0.0
25.0,30.0,30.0,1.0,16.84141358,4.445084386967334,3.0,10,6.859806910403356,0.0,0.0,1.0,1.0,0.0,0.0,0.0,1.0,0.0
25.0,30.0,30.0,1.0,17.58807829,4.4879663863546275,3.0,11,6.9030080285988715,0.0,0.0,1.0,1.0,0.0,0.0,0.0,1.0,0.0
25.0,30.0,30.0,1.0,18.334743,4.5290848832811035,3.0,12,6.944419843353559,0.0,0.0,1.0,1.0,0.0,0.0,0.0,1.0,0.0
25.0,30.0,30.0,1.0,19.0814077,4.568579212436623,3.0,13,6.984184697350438,0.0,0.0,1.0,1.0,0.0,0.0,0.0,1.0,0.0
25.0,30.0,30.0,1.0,19.82807241,4.606572822333649,3.0,14,7.022428595581443,0.0,0.0,1.0,1.0,0.0,0.0,0.0,1.0,0.0
25.0,30.0,30.0,1.0,20.57473711,4.643175598943923,3.0,15,7.059263613745593,0.0,0.0,1.0,1.0,0.0,0.0,0.0,1.0,0.0
25.0,30.0,30.0,1.0,21.32140182,4.678485785940717,3.0,16,7.094789878587617,0.0,0.0,1.0,1.0,0.0,0.0,0.0,1.0,0.0
25.0,30.0,30.0,1.0,13.08984973,4.196438478097587,3.0,4,6.609012259170931,0.0,0.0,1.0,1.0,0.0,0.0,0.0,1.0,0.0
25.0,30.0,30.0,1.0,13.83651443,4.251100020238647,3.0,5,6.664193435889258,0.0,0.0,1.0,1.0,0.0,0.0,0.0,1.0,0.0
25.0,30.0,30.0,1.0,14.58317914,4.302927902252979,3.0,6,6.716488230315186,0.0,0.0,1.0,1.0,0.0,0.0,0.0,1.0,0.0
25.0,30.0,30.0,1.0,15.32984384,4.35220149416745,3.0,7,6.766183650111702,0.0,0.0,1.0,1.0,0.0,0.0,0.0,1.0,0.0
25.0,30.0,30.0,1.0,16.07650855,4.399160787477405,3.0,8,6.813525914886029,0.0,0.0,1.0,1.0,0.0,0.0,0.0,1.0,0.0
25.0,30.0,30.0,1.0,16.82317325,4.444013460621782,3.0,9,6.858727836664471,0.0,0.0,1.0,1.0,0.0,0.0,0.0,1.0,0.0
25.0,30.0,30.0,1.0,17.56983796,4.486940435819636,3.0,10,6.90197460302311,0.0,0.0,1.0,1.0,0.0,0.0,0.0,1.0,0.0
25.0,30.0,30.0,1.0,18.31650267,4.528100283106738,3.0,11,6.943428360571685,0.0,0.0,1.0,1.0,0.0,0.0,0.0,1.0,0.0
25.0,30.0,30.0,1.0,19.06316737,4.567632758554151,3.0,12,6.983231885556916,0.0,0.0,1.0,1.0,0.0,0.0,0.0,1.0,0.0
25.0,30.0,30.0,1.0,19.80983208,4.605661669190433,3.0,13,7.021511551432155,0.0,0.0,1.0,1.0,0.0,0.0,0.0,1.0,0.0
25.0,30.0,30.0,1.0,20.55649678,4.6422972079372355,3.0,14,7.058379749032837,0.0,0.0,1.0,1.0,0.0,0.0,0.0,1.0,0.0
25.0,30.0,30.0,1.0,21.30316149,4.677637882804019,3.0,15,7.09393687622499,0.0,0.0,1.0,1.0,0.0,0.0,0.0,1.0,0.0
25.0,30.0,30.0,1.0,22.04982619,4.711772109330445,3.0,16,7.128272985782219,0.0,0.0,1.0,1.0,0.0,0.0,0.0,1.0,0.0
25.0,30.0,30.0,1.0,12.87673241,4.180272411504766,3.0,4,6.592686935965254,0.0,0.0,1.0,1.0,0.0,0.0,0.0,1.0,0.0
25.0,30.0,30.0,1.0,13.62339712,4.235800512433697,3.0,5,6.648751362216851,0.0,0.0,1.0,1.0,0.0,0.0,0.0,1.0,0.0
25.0,30.0,30.0,1.0,14.37006182,4.288406775597209,3.0,6,6.701838736984409,0.0,0.0,1.0,1.0,0.0,0.0,0.0,1.0,0.0
25.0,30.0,30.0,1.0,15.11672653,4.338383380938722,3.0,7,6.752249347883266,0.0,0.0,1.0,1.0,0.0,0.0,0.0,1.0,0.0
25.0,30.0,30.0,1.0,15.86339123,4.3859807586864825,3.0,8,6.800240221743393,0.0,0.0,1.0,1.0,0.0,0.0,0.0,1.0,0.0
25.0,30.0,30.0,1.0,16.61005594,4.43141518763017,3.0,9,6.846033055020793,0.0,0.0,1.0,1.0,0.0,0.0,0.0,1.0,0.0
25.0,30.0,30.0,1.0,17.35672064,4.474874731492371,3.0,10,6.889820406345768,0.0,0.0,1.0,1.0,0.0,0.0,0.0,1.0,0.0
25.0,30.0,30.0,1.0,18.10338535,4.51652394697588,3.0,11,6.931770589084221,0.0,0.0,1.0,1.0,0.0,0.0,0.0,1.0,0.0
25.0,30.0,30.0,1.0,18.85005005,4.556507641299947,3.0,12,6.9720315782425555,0.0,0.0,1.0,1.0,0.0,0.0,0.0,1.0,0.0
25.0,30.0,30.0,1.0,19.59671476,4.5949539151560215,3.0,13,7.010734160800259,0.0,0.0,1.0,1.0,0.0,0.0,0.0,1.0,0.0
25.0,30.0,30.0,1.0,20.34337947,4.631976634559461,3.0,14,7.047994498746667,0.0,0.0,1.0,1.0,0.0,0.0,0.0,1.0,0.0
25.0,30.0,30.0,1.0,21.09004417,4.667677466020286,3.0,15,7.083916231495881,0.0,0.0,1.0,1.0,0.0,0.0,0.0,1.0,0.0
25.0,30.0,30.0,1.0,21.83670888,4.702147560704863,3.0,16,7.118592213580745,0.0,0.0,1.0,1.0,0.0,0.0,0.0,1.0,0.0
25.0,30.0,30.0,1.0,16.26828042,4.410874044372637,4.0,4,6.826425910582251,0.0,0.0,1.0,1.0,0.0,0.0,0.0,1.0,0.0
25.0,30.0,30.0,1.0,17.26383336,4.469569989721423,4.0,5,6.885507625042951,0.0,0.0,1.0,1.0,0.0,0.0,0.0,1.0,0.0
25.0,30.0,30.0,1.0,18.2593863,4.5250108961024464,4.0,6,6.94129256432089,0.0,0.0,1.0,1.0,0.0,0.0,0.0,1.0,0.0
25.0,30.0,30.0,1.0,19.25493924,4.57753889576114,4.0,7,6.994129286228151,0.0,0.0,1.0,1.0,0.0,0.0,0.0,1.0,0.0
25.0,30.0,30.0,1.0,20.25049218,4.627444862114957,4.0,8,7.044313835120343,0.0,0.0,1.0,1.0,0.0,0.0,0.0,1.0,0.0
25.0,30.0,30.0,1.0,21.24604512,4.674978164118678,4.0,9,7.0920997882273165,0.0,0.0,1.0,1.0,0.0,0.0,0.0,1.0,0.0
25.0,30.0,30.0,1.0,22.24159806,4.7203542053479515,4.0,10,7.137706008795722,0.0,0.0,1.0,1.0,0.0,0.0,0.0,1.0,0.0
25.0,30.0,30.0,1.0,23.237151,4.763760325387196,4.0,11,7.181322706849718,0.0,0.0,1.0,1.0,0.0,0.0,0.0,1.0,0.0
25.0,30.0,30.0,1.0,24.23270395,4.805360473118091,4.0,12,7.223116232390423,0.0,0.0,1.0,1.0,0.0,0.0,0.0,1.0,0.0
25.0,30.0,30.0,1.0,25.22825689,4.845298944099987,4.0,13,7.263232906423458,0.0,0.0,1.0,1.0,0.0,0.0,0.0,1.0,0.0
25.0,30.0,30.0,1.0,26.22380983,4.883703403630206,4.0,14,7.301802112668315,0.0,0.0,1.0,1.0,0.0,0.0,0.0,1.0,0.0
25.0,30.0,30.0,1.0,27.21936277,4.920687346692098,4.0,15,7.338938814815785,0.0,0.0,1.0,1.0,0.0,0.0,0.0,1.0,0.0
25.0,30.0,30.0,1.0,28.21491571,4.956352120787795,4.0,16,7.374745622840075,0.0,0.0,1.0,1.0,0.0,0.0,0.0,1.0,0.0
25.0,30.0,30.0,1.0,16.07304856,4.398948189192191,4.0,4,6.814418850049407,0.0,0.0,1.0,1.0,0.0,0.0,0.0,1.0,0.0
25.0,30.0,30.0,1.0,17.06860151,4.458327823317267,4.0,5,6.874193324809109,0.0,0.0,1.0,1.0,0.0,0.0,0.0,1.0,0.0
25.0,30.0,30.0,1.0,18.06415445,4.514378278152339,4.0,6,6.93059544514528,0.0,0.0,1.0,1.0,0.0,0.0,0.0,1.0,0.0
25.0,30.0,30.0,1.0,19.05970739,4.567453126061464,4.0,7,6.983985497576959,0.0,0.0,1.0,1.0,0.0,0.0,0.0,1.0,0.0
25.0,30.0,30.0,1.0,20.05526033,4.61785244163514,4.0,8,7.03466894769503,0.0,0.0,1.0,1.0,0.0,0.0,0.0,1.0,0.0
25.0,30.0,30.0,1.0,21.05081327,4.665833078601602,4.0,9,7.082907027351765,0.0,0.0,1.0,1.0,0.0,0.0,0.0,1.0,0.0
25.0,30.0,30.0,1.0,22.04636621,4.711616591304279,4.0,10,7.128924883344332,0.0,0.0,1.0,1.0,0.0,0.0,0.0,1.0,0.0
25.0,30.0,30.0,1.0,23.04191915,4.755395420612434,4.0,11,7.172917931997792,0.0,0.0,1.0,1.0,0.0,0.0,0.0,1.0,0.0
25.0,30.0,30.0,1.0,24.03747209,4.797337781480805,4.0,12,7.215056873732106,0.0,0.0,1.0,1.0,0.0,0.0,0.0,1.0,0.0
25.0,30.0,30.0,1.0,25.03302503,4.8375915660369975,4.0,13,7.255491693024433,0.0,0.0,1.0,1.0,0.0,0.0,0.0,1.0,0.0
25.0,30.0,30.0,1.0,26.02857797,4.876287490966018,4.0,14,7.294354880559263,0.0,0.0,1.0,1.0,0.0,0.0,0.0,1.0,0.0
25.0,30.0,30.0,1.0,27.02413091,4.913541658245887,4.0,15,7.331764052291531,0.0,0.0,1.0,1.0,0.0,0.0,0.0,1.0,0.0
25.0,30.0,30.0,1.0,28.01968385,4.94945765574853,4.0,16,7.367824096004291,0.0,0.0,1.0,1.0,0.0,0.0,0.0,1.0,0.0
